Question,GT Answer,fever-medium_react_text-davinci-002_google,"fever-medium_got-3+demos-sa-knn+cx+t5-nli-ec+ci+[0.3,0.6,0.1]_gpt-3.5-turbo-1106_google","fever-medium_got-3+demos-sa+cx+t5-nli-ec+ci+[0.3,0.6,0.1]_gpt-3.5-turbo-1106_google",fever-medium_vanilla_gpt-3.5-turbo-1106_google,fever-medium_retrieve_then_read_sc_gpt-3.5-turbo-1106_google,fever-medium_multihop_gpt-3.5-turbo-1106_google,fever-medium_dsp+sample_gpt-3.5-turbo-1106_google,fever-medium_dsp+knn_gpt-3.5-turbo-1106_google
"Nawaz Sharif is the 20th President of Pakistan. Kindly answer with ""SUPPORTS"", ""REFUTES"", or ""NOT ENOUGH INFO"".",['NOT ENOUGH INFO'],REFUTES,REFUTES,REFUTES,REFUTES,REFUTES,NOT ENOUGH INFO,REFUTES,REFUTES
"Ekta Kapoor worked on an Indian soap opera that premiered in 2000. Kindly answer with ""SUPPORTS"", ""REFUTES"", or ""NOT ENOUGH INFO"".",['SUPPORTS'],REFUTES,SUPPORTS,NOT ENOUGH INFO,SUPPORTS,SUPPORTS,SUPPORTS,SUPPORTS,SUPPORTS
"Samsung entered the electronics industry in the 1960's. Kindly answer with ""SUPPORTS"", ""REFUTES"", or ""NOT ENOUGH INFO"".",['SUPPORTS'],SUPPORTS,SUPPORTS,SUPPORTS,SUPPORTS,NOT ENOUGH INFO,SUPPORTS,SUPPORTS,SUPPORTS
"Planet Hollywood Las Vegas is operated by all entities except an American gaming corporation. Kindly answer with ""SUPPORTS"", ""REFUTES"", or ""NOT ENOUGH INFO"".",['REFUTES'],REFUTES,REFUTES,REFUTES,SUPPORTS,NOT ENOUGH INFO,REFUTES,REFUTES,REFUTES
"Dawood Ibrahim is a crook. Kindly answer with ""SUPPORTS"", ""REFUTES"", or ""NOT ENOUGH INFO"".",['NOT ENOUGH INFO'],SUPPORTS,SUPPORTS,SUPPORTS,SUPPORTS,SUPPORTS,SUPPORTS,SUPPORTS,SUPPORTS
"James Brolin appeared on talk shows. Kindly answer with ""SUPPORTS"", ""REFUTES"", or ""NOT ENOUGH INFO"".",['NOT ENOUGH INFO'],NOT ENOUGH INFO,SUPPORTS,SUPPORTS,SUPPORTS,NOT ENOUGH INFO,SUPPORTS,SUPPORTS,SUPPORTS
"Laura Robson is a volleyball player. Kindly answer with ""SUPPORTS"", ""REFUTES"", or ""NOT ENOUGH INFO"".",['REFUTES'],REFUTES,REFUTES,NOT ENOUGH INFO,REFUTES,REFUTES,REFUTES,REFUTES,REFUTES
"James Brolin appeared on The Young and The Restless and General Hospital. Kindly answer with ""SUPPORTS"", ""REFUTES"", or ""NOT ENOUGH INFO"".",['NOT ENOUGH INFO'],SUPPORTS,NOT ENOUGH INFO,NOT ENOUGH INFO,SUPPORTS,REFUTES,REFUTES,REFUTES,NOT ENOUGH INFO
"Amancio Ortega is a businessman. Kindly answer with ""SUPPORTS"", ""REFUTES"", or ""NOT ENOUGH INFO"".",['SUPPORTS'],SUPPORTS,SUPPORTS,SUPPORTS,SUPPORTS,SUPPORTS,SUPPORTS,SUPPORTS,SUPPORTS
"The Block (album) has only an unofficial single. Kindly answer with ""SUPPORTS"", ""REFUTES"", or ""NOT ENOUGH INFO"".",['REFUTES'],,REFUTES,REFUTES,SUPPORTS,NOT ENOUGH INFO,REFUTES,REFUTES,REFUTES
"Woodrow Wilson formed the belief system Wilsonianism. Kindly answer with ""SUPPORTS"", ""REFUTES"", or ""NOT ENOUGH INFO"".",['NOT ENOUGH INFO'],SUPPORTS,SUPPORTS,SUPPORTS,SUPPORTS,SUPPORTS,SUPPORTS,SUPPORTS,SUPPORTS
"Jiang Wen was born on January 5, 1963. Kindly answer with ""SUPPORTS"", ""REFUTES"", or ""NOT ENOUGH INFO"".",['SUPPORTS'],SUPPORTS,SUPPORTS,SUPPORTS,SUPPORTS,SUPPORTS,SUPPORTS,SUPPORTS,SUPPORTS
"Chris Bosh plays in the National Basketball Association as a professional basketball player. Kindly answer with ""SUPPORTS"", ""REFUTES"", or ""NOT ENOUGH INFO"".",['SUPPORTS'],SUPPORTS,SUPPORTS,SUPPORTS,SUPPORTS,REFUTES,REFUTES,REFUTES,REFUTES
"Pythagoras was an Ionian Greek chemist. Kindly answer with ""SUPPORTS"", ""REFUTES"", or ""NOT ENOUGH INFO"".",['NOT ENOUGH INFO'],REFUTES,REFUTES,REFUTES,REFUTES,REFUTES,REFUTES,REFUTES,REFUTES
"Touch My Body was released in 2008. Kindly answer with ""SUPPORTS"", ""REFUTES"", or ""NOT ENOUGH INFO"".",['SUPPORTS'],SUPPORTS,SUPPORTS,SUPPORTS,SUPPORTS,SUPPORTS,SUPPORTS,SUPPORTS,SUPPORTS
"The Indiana Pacers were established solely for membership into the NBA. Kindly answer with ""SUPPORTS"", ""REFUTES"", or ""NOT ENOUGH INFO"".",['NOT ENOUGH INFO'],REFUTES,REFUTES,REFUTES,SUPPORTS,REFUTES,REFUTES,SUPPORTS,REFUTES
"A staging area is a location where, before use, equipment are assembled . Kindly answer with ""SUPPORTS"", ""REFUTES"", or ""NOT ENOUGH INFO"".",['SUPPORTS'],NOT ENOUGH INFO,SUPPORTS,SUPPORTS,SUPPORTS,SUPPORTS,SUPPORTS,SUPPORTS,SUPPORTS
"Watchmen is a film about superheroes. Kindly answer with ""SUPPORTS"", ""REFUTES"", or ""NOT ENOUGH INFO"".",['SUPPORTS'],REFUTES,SUPPORTS,SUPPORTS,SUPPORTS,SUPPORTS,SUPPORTS,SUPPORTS,SUPPORTS
"Kareem Abdul-Jabbar is ranked in rebounds. Kindly answer with ""SUPPORTS"", ""REFUTES"", or ""NOT ENOUGH INFO"".",['SUPPORTS'],SUPPORTS,SUPPORTS,SUPPORTS,SUPPORTS,SUPPORTS,SUPPORTS,SUPPORTS,SUPPORTS
"Sweet Home Alabama is a short film that was written in reply to Neil Young's song Alabama. Kindly answer with ""SUPPORTS"", ""REFUTES"", or ""NOT ENOUGH INFO"".",['REFUTES'],SUPPORTS,NOT ENOUGH INFO,SUPPORTS,REFUTES,REFUTES,NOT ENOUGH INFO,SUPPORTS,SUPPORTS
"There were 3,090,953 Mormon members in the mid 20th century. Kindly answer with ""SUPPORTS"", ""REFUTES"", or ""NOT ENOUGH INFO"".",['SUPPORTS'],NOT ENOUGH INFO,NOT ENOUGH INFO,NOT ENOUGH INFO,SUPPORTS,NOT ENOUGH INFO,NOT ENOUGH INFO,SUPPORTS,SUPPORTS
"Ekta Kapoor worked on a statue in downtown Chicago. Kindly answer with ""SUPPORTS"", ""REFUTES"", or ""NOT ENOUGH INFO"".",['NOT ENOUGH INFO'],REFUTES,NOT ENOUGH INFO,NOT ENOUGH INFO,REFUTES,NOT ENOUGH INFO,REFUTES,REFUTES,REFUTES
"Volkswagen Group designs the world's cheapest passenger and commercial vehicles. Kindly answer with ""SUPPORTS"", ""REFUTES"", or ""NOT ENOUGH INFO"".",['NOT ENOUGH INFO'],SUPPORTS,NOT ENOUGH INFO,NOT ENOUGH INFO,SUPPORTS,SUPPORTS,NOT ENOUGH INFO,SUPPORTS,SUPPORTS
"Azithromycin is viewed under many trade names worldwide. Kindly answer with ""SUPPORTS"", ""REFUTES"", or ""NOT ENOUGH INFO"".",['SUPPORTS'],SUPPORTS,SUPPORTS,SUPPORTS,SUPPORTS,NOT ENOUGH INFO,SUPPORTS,SUPPORTS,SUPPORTS
"Antigua and Barbuda was named in honor of Tim Burton. Kindly answer with ""SUPPORTS"", ""REFUTES"", or ""NOT ENOUGH INFO"".",['REFUTES'],REFUTES,REFUTES,NOT ENOUGH INFO,REFUTES,REFUTES,NOT ENOUGH INFO,REFUTES,REFUTES
"Kevin Bacon acted in The Woodsman when he was 93 years old. Kindly answer with ""SUPPORTS"", ""REFUTES"", or ""NOT ENOUGH INFO"".",['REFUTES'],SUPPORTS,REFUTES,REFUTES,REFUTES,REFUTES,REFUTES,REFUTES,REFUTES
"Fidaa opted away from using a Dravidian language. Kindly answer with ""SUPPORTS"", ""REFUTES"", or ""NOT ENOUGH INFO"".",['REFUTES'],REFUTES,NOT ENOUGH INFO,SUPPORTS,SUPPORTS,REFUTES,SUPPORTS,REFUTES,REFUTES
"Pierce County, Washington is the location of the lowest mountain in Washington. Kindly answer with ""SUPPORTS"", ""REFUTES"", or ""NOT ENOUGH INFO"".",['NOT ENOUGH INFO'],NOT ENOUGH INFO,NOT ENOUGH INFO,SUPPORTS,SUPPORTS,NOT ENOUGH INFO,SUPPORTS,REFUTES,REFUTES
"John Goodman starred in Cloverfield. Kindly answer with ""SUPPORTS"", ""REFUTES"", or ""NOT ENOUGH INFO"".",['REFUTES'],SUPPORTS,SUPPORTS,SUPPORTS,REFUTES,REFUTES,SUPPORTS,REFUTES,SUPPORTS
"Olympic medal designs are chosen every Olympics. Kindly answer with ""SUPPORTS"", ""REFUTES"", or ""NOT ENOUGH INFO"".",['NOT ENOUGH INFO'],SUPPORTS,SUPPORTS,SUPPORTS,SUPPORTS,SUPPORTS,SUPPORTS,SUPPORTS,SUPPORTS
"Nymphomaniac (film) is not part of a trilogy. Kindly answer with ""SUPPORTS"", ""REFUTES"", or ""NOT ENOUGH INFO"".",['REFUTES'],REFUTES,REFUTES,REFUTES,SUPPORTS,SUPPORTS,SUPPORTS,REFUTES,REFUTES
"The Silver Surfer appears in American sitcoms. Kindly answer with ""SUPPORTS"", ""REFUTES"", or ""NOT ENOUGH INFO"".",['NOT ENOUGH INFO'],REFUTES,SUPPORTS,NOT ENOUGH INFO,REFUTES,NOT ENOUGH INFO,REFUTES,NOT ENOUGH INFO,NOT ENOUGH INFO
"Bonobos have an estimated divorce rate of less than 50,000. Kindly answer with ""SUPPORTS"", ""REFUTES"", or ""NOT ENOUGH INFO"".",['NOT ENOUGH INFO'],NOT ENOUGH INFO,NOT ENOUGH INFO,NOT ENOUGH INFO,NOT ENOUGH INFO,NOT ENOUGH INFO,SUPPORTS,SUPPORTS,NOT ENOUGH INFO
"The Quiet was directed by Steven Spielberg. Kindly answer with ""SUPPORTS"", ""REFUTES"", or ""NOT ENOUGH INFO"".",['NOT ENOUGH INFO'],REFUTES,REFUTES,REFUTES,REFUTES,REFUTES,REFUTES,REFUTES,REFUTES
"The Airbus A380 entered commercial service on October 25, 2017. Kindly answer with ""SUPPORTS"", ""REFUTES"", or ""NOT ENOUGH INFO"".",['REFUTES'],REFUTES,SUPPORTS,SUPPORTS,REFUTES,REFUTES,SUPPORTS,SUPPORTS,SUPPORTS
"There is a show called The Office (US). Kindly answer with ""SUPPORTS"", ""REFUTES"", or ""NOT ENOUGH INFO"".",['SUPPORTS'],SUPPORTS,SUPPORTS,SUPPORTS,SUPPORTS,SUPPORTS,SUPPORTS,SUPPORTS,SUPPORTS
"Pocahontas helped as a translator for an English settlement. Kindly answer with ""SUPPORTS"", ""REFUTES"", or ""NOT ENOUGH INFO"".",['NOT ENOUGH INFO'],SUPPORTS,SUPPORTS,SUPPORTS,SUPPORTS,SUPPORTS,SUPPORTS,SUPPORTS,SUPPORTS
"Doxycycline may cause diarrhea in children. Kindly answer with ""SUPPORTS"", ""REFUTES"", or ""NOT ENOUGH INFO"".",['NOT ENOUGH INFO'],SUPPORTS,SUPPORTS,SUPPORTS,SUPPORTS,NOT ENOUGH INFO,SUPPORTS,SUPPORTS,SUPPORTS
"John S. McCain Jr. graduated from Berkeley. Kindly answer with ""SUPPORTS"", ""REFUTES"", or ""NOT ENOUGH INFO"".",['NOT ENOUGH INFO'],REFUTES,REFUTES,REFUTES,SUPPORTS,REFUTES,REFUTES,REFUTES,REFUTES
"Two and a Half Men featured Charlie Sheen. Kindly answer with ""SUPPORTS"", ""REFUTES"", or ""NOT ENOUGH INFO"".",['SUPPORTS'],SUPPORTS,SUPPORTS,SUPPORTS,SUPPORTS,SUPPORTS,SUPPORTS,SUPPORTS,SUPPORTS
"Harry Fraud worked at a recording studio. Kindly answer with ""SUPPORTS"", ""REFUTES"", or ""NOT ENOUGH INFO"".",['NOT ENOUGH INFO'],SUPPORTS,SUPPORTS,SUPPORTS,SUPPORTS,NOT ENOUGH INFO,SUPPORTS,SUPPORTS,SUPPORTS
"Ann Biderman is a novel writer. Kindly answer with ""SUPPORTS"", ""REFUTES"", or ""NOT ENOUGH INFO"".",['NOT ENOUGH INFO'],SUPPORTS,NOT ENOUGH INFO,REFUTES,REFUTES,SUPPORTS,NOT ENOUGH INFO,REFUTES,REFUTES
"The United States dollar is printed. Kindly answer with ""SUPPORTS"", ""REFUTES"", or ""NOT ENOUGH INFO"".",['NOT ENOUGH INFO'],SUPPORTS,SUPPORTS,SUPPORTS,SUPPORTS,SUPPORTS,SUPPORTS,SUPPORTS,SUPPORTS
"Bonobos live south of the statue. Kindly answer with ""SUPPORTS"", ""REFUTES"", or ""NOT ENOUGH INFO"".",['REFUTES'],NOT ENOUGH INFO,SUPPORTS,SUPPORTS,NOT ENOUGH INFO,SUPPORTS,SUPPORTS,SUPPORTS,SUPPORTS
"Fiji Hindi has been subject to gestures by Magahi and other Bihari languages. Kindly answer with ""SUPPORTS"", ""REFUTES"", or ""NOT ENOUGH INFO"".",['NOT ENOUGH INFO'],SUPPORTS,SUPPORTS,SUPPORTS,SUPPORTS,SUPPORTS,SUPPORTS,SUPPORTS,SUPPORTS
"Netscape Navigator was a program. Kindly answer with ""SUPPORTS"", ""REFUTES"", or ""NOT ENOUGH INFO"".",['SUPPORTS'],SUPPORTS,SUPPORTS,SUPPORTS,SUPPORTS,SUPPORTS,SUPPORTS,SUPPORTS,SUPPORTS
"Tyler Perry is a son. Kindly answer with ""SUPPORTS"", ""REFUTES"", or ""NOT ENOUGH INFO"".",['NOT ENOUGH INFO'],NOT ENOUGH INFO,SUPPORTS,SUPPORTS,SUPPORTS,NOT ENOUGH INFO,SUPPORTS,SUPPORTS,SUPPORTS
"Google Search cannot show movie showtimes. Kindly answer with ""SUPPORTS"", ""REFUTES"", or ""NOT ENOUGH INFO"".",['NOT ENOUGH INFO'],,REFUTES,REFUTES,REFUTES,SUPPORTS,SUPPORTS,SUPPORTS,SUPPORTS
"The Colbert Report has not been taped. Kindly answer with ""SUPPORTS"", ""REFUTES"", or ""NOT ENOUGH INFO"".",['SUPPORTS'],REFUTES,REFUTES,REFUTES,REFUTES,SUPPORTS,REFUTES,REFUTES,REFUTES
"Skopje was rarely contested between the Byzantines and the Bulgarian Empire. Kindly answer with ""SUPPORTS"", ""REFUTES"", or ""NOT ENOUGH INFO"".",['REFUTES'],REFUTES,SUPPORTS,REFUTES,SUPPORTS,SUPPORTS,SUPPORTS,SUPPORTS,SUPPORTS
"Josh Hutcherson wasn't in two different films within two years. Kindly answer with ""SUPPORTS"", ""REFUTES"", or ""NOT ENOUGH INFO"".",['REFUTES'],NOT ENOUGH INFO,REFUTES,SUPPORTS,REFUTES,REFUTES,REFUTES,REFUTES,REFUTES
"Shannon Lee is a German. Kindly answer with ""SUPPORTS"", ""REFUTES"", or ""NOT ENOUGH INFO"".",['NOT ENOUGH INFO'],REFUTES,SUPPORTS,REFUTES,REFUTES,REFUTES,REFUTES,SUPPORTS,SUPPORTS
"Corsica is independent of France. Kindly answer with ""SUPPORTS"", ""REFUTES"", or ""NOT ENOUGH INFO"".",['REFUTES'],REFUTES,REFUTES,REFUTES,REFUTES,REFUTES,REFUTES,REFUTES,REFUTES
"Of Mughal emperors, Babur was the first. Kindly answer with ""SUPPORTS"", ""REFUTES"", or ""NOT ENOUGH INFO"".",['SUPPORTS'],SUPPORTS,SUPPORTS,SUPPORTS,SUPPORTS,SUPPORTS,SUPPORTS,SUPPORTS,SUPPORTS
"Robert Zemeckis has made movies for children. Kindly answer with ""SUPPORTS"", ""REFUTES"", or ""NOT ENOUGH INFO"".",['NOT ENOUGH INFO'],REFUTES,SUPPORTS,SUPPORTS,SUPPORTS,SUPPORTS,SUPPORTS,SUPPORTS,SUPPORTS
"House of Balloons is reviewed by The Weeknd. Kindly answer with ""SUPPORTS"", ""REFUTES"", or ""NOT ENOUGH INFO"".",['NOT ENOUGH INFO'],SUPPORTS,NOT ENOUGH INFO,SUPPORTS,SUPPORTS,SUPPORTS,SUPPORTS,SUPPORTS,SUPPORTS
"Raja Hindustani was directed solely by Mariah Carey. Kindly answer with ""SUPPORTS"", ""REFUTES"", or ""NOT ENOUGH INFO"".",['REFUTES'],REFUTES,NOT ENOUGH INFO,REFUTES,REFUTES,REFUTES,REFUTES,REFUTES,REFUTES
"The Maze Runner had a budget in the millions. Kindly answer with ""SUPPORTS"", ""REFUTES"", or ""NOT ENOUGH INFO"".",['SUPPORTS'],NOT ENOUGH INFO,SUPPORTS,SUPPORTS,SUPPORTS,SUPPORTS,SUPPORTS,SUPPORTS,SUPPORTS
"Rob McElhenney plays the violin. Kindly answer with ""SUPPORTS"", ""REFUTES"", or ""NOT ENOUGH INFO"".",['NOT ENOUGH INFO'],REFUTES,REFUTES,NOT ENOUGH INFO,NOT ENOUGH INFO,NOT ENOUGH INFO,NOT ENOUGH INFO,REFUTES,REFUTES
"The SpongeBob SquarePants Movie was directed by Donald Trump. Kindly answer with ""SUPPORTS"", ""REFUTES"", or ""NOT ENOUGH INFO"".",['REFUTES'],REFUTES,REFUTES,NOT ENOUGH INFO,REFUTES,NOT ENOUGH INFO,REFUTES,REFUTES,REFUTES
"Lorelai Gilmore's father is unshown on the show, and his name remains unknown. Kindly answer with ""SUPPORTS"", ""REFUTES"", or ""NOT ENOUGH INFO"".",['NOT ENOUGH INFO'],REFUTES,REFUTES,SUPPORTS,SUPPORTS,NOT ENOUGH INFO,REFUTES,REFUTES,SUPPORTS
"The Challenge XXX: Dirty 30 is a season of the year. Kindly answer with ""SUPPORTS"", ""REFUTES"", or ""NOT ENOUGH INFO"".",['NOT ENOUGH INFO'],REFUTES,SUPPORTS,REFUTES,REFUTES,REFUTES,REFUTES,REFUTES,REFUTES
"Psych (season 2) originally aired on the USA Network's Thursday night lineup. Kindly answer with ""SUPPORTS"", ""REFUTES"", or ""NOT ENOUGH INFO"".",['NOT ENOUGH INFO'],SUPPORTS,SUPPORTS,NOT ENOUGH INFO,SUPPORTS,NOT ENOUGH INFO,SUPPORTS,SUPPORTS,SUPPORTS
"Other A$AP Mob members have had their music videos directed by ASAP Rocky. Kindly answer with ""SUPPORTS"", ""REFUTES"", or ""NOT ENOUGH INFO"".",['NOT ENOUGH INFO'],NOT ENOUGH INFO,SUPPORTS,SUPPORTS,SUPPORTS,SUPPORTS,SUPPORTS,SUPPORTS,SUPPORTS
"The Nobel Prize in Chemistry was awarded to a person from the Kingdom of the Netherlands. Kindly answer with ""SUPPORTS"", ""REFUTES"", or ""NOT ENOUGH INFO"".",['SUPPORTS'],SUPPORTS,SUPPORTS,REFUTES,SUPPORTS,SUPPORTS,REFUTES,SUPPORTS,SUPPORTS
"Georgians arose from a place that was a kingdom in Azerbaijan. Kindly answer with ""SUPPORTS"", ""REFUTES"", or ""NOT ENOUGH INFO"".",['NOT ENOUGH INFO'],REFUTES,REFUTES,REFUTES,SUPPORTS,REFUTES,REFUTES,REFUTES,REFUTES
"FC Bayern Munich was founded by only one football player. Kindly answer with ""SUPPORTS"", ""REFUTES"", or ""NOT ENOUGH INFO"".",['REFUTES'],REFUTES,REFUTES,REFUTES,NOT ENOUGH INFO,REFUTES,REFUTES,REFUTES,REFUTES
"Hinduism has a cosmological view of the universe. Kindly answer with ""SUPPORTS"", ""REFUTES"", or ""NOT ENOUGH INFO"".",['SUPPORTS'],SUPPORTS,SUPPORTS,SUPPORTS,SUPPORTS,SUPPORTS,SUPPORTS,SUPPORTS,SUPPORTS
"Sacre-Coeur, Paris is an embodiment of conservative ethical order. Kindly answer with ""SUPPORTS"", ""REFUTES"", or ""NOT ENOUGH INFO"".",['SUPPORTS'],NOT ENOUGH INFO,SUPPORTS,SUPPORTS,NOT ENOUGH INFO,SUPPORTS,SUPPORTS,SUPPORTS,SUPPORTS
"Heath Ledger won an award. Kindly answer with ""SUPPORTS"", ""REFUTES"", or ""NOT ENOUGH INFO"".",['SUPPORTS'],SUPPORTS,SUPPORTS,SUPPORTS,SUPPORTS,SUPPORTS,SUPPORTS,SUPPORTS,SUPPORTS
"The Bengal tiger has a coat. Kindly answer with ""SUPPORTS"", ""REFUTES"", or ""NOT ENOUGH INFO"".",['NOT ENOUGH INFO'],SUPPORTS,SUPPORTS,SUPPORTS,SUPPORTS,SUPPORTS,SUPPORTS,SUPPORTS,SUPPORTS
"Jeb Bush was raised in Houston. Kindly answer with ""SUPPORTS"", ""REFUTES"", or ""NOT ENOUGH INFO"".",['SUPPORTS'],SUPPORTS,SUPPORTS,SUPPORTS,SUPPORTS,SUPPORTS,SUPPORTS,SUPPORTS,SUPPORTS
"Maria Theresa was Emperor Charles VI's daughter. Kindly answer with ""SUPPORTS"", ""REFUTES"", or ""NOT ENOUGH INFO"".",['SUPPORTS'],SUPPORTS,SUPPORTS,SUPPORTS,SUPPORTS,SUPPORTS,SUPPORTS,SUPPORTS,SUPPORTS
"Chinatown is an American film starring Jack Nicholson. Kindly answer with ""SUPPORTS"", ""REFUTES"", or ""NOT ENOUGH INFO"".",['SUPPORTS'],REFUTES,SUPPORTS,SUPPORTS,SUPPORTS,SUPPORTS,SUPPORTS,SUPPORTS,SUPPORTS
"The Latvian Soviet Socialist Republic is only known as Lauren. Kindly answer with ""SUPPORTS"", ""REFUTES"", or ""NOT ENOUGH INFO"".",['NOT ENOUGH INFO'],REFUTES,REFUTES,REFUTES,REFUTES,NOT ENOUGH INFO,REFUTES,REFUTES,REFUTES
"There is a software called Adobe Photoshop. Kindly answer with ""SUPPORTS"", ""REFUTES"", or ""NOT ENOUGH INFO"".",['SUPPORTS'],SUPPORTS,SUPPORTS,SUPPORTS,SUPPORTS,SUPPORTS,SUPPORTS,SUPPORTS,SUPPORTS
"Adidas designs things that you can wear. Kindly answer with ""SUPPORTS"", ""REFUTES"", or ""NOT ENOUGH INFO"".",['SUPPORTS'],SUPPORTS,SUPPORTS,SUPPORTS,SUPPORTS,SUPPORTS,SUPPORTS,SUPPORTS,SUPPORTS
"The Icelandic Coast Guard is also known as Althjodhaflutningaverkamannasambandsins. Kindly answer with ""SUPPORTS"", ""REFUTES"", or ""NOT ENOUGH INFO"".",['NOT ENOUGH INFO'],SUPPORTS,REFUTES,REFUTES,SUPPORTS,SUPPORTS,NOT ENOUGH INFO,REFUTES,REFUTES
"Tenacious D did not achieve Billboard chart status after its release. Kindly answer with ""SUPPORTS"", ""REFUTES"", or ""NOT ENOUGH INFO"".",['NOT ENOUGH INFO'],NOT ENOUGH INFO,NOT ENOUGH INFO,REFUTES,SUPPORTS,NOT ENOUGH INFO,SUPPORTS,REFUTES,NOT ENOUGH INFO
"Maria Theresa's father was born in 1740. Kindly answer with ""SUPPORTS"", ""REFUTES"", or ""NOT ENOUGH INFO"".",['REFUTES'],SUPPORTS,REFUTES,REFUTES,REFUTES,REFUTES,REFUTES,REFUTES,REFUTES
"Zoe Saldana's birthday is a national holiday. Kindly answer with ""SUPPORTS"", ""REFUTES"", or ""NOT ENOUGH INFO"".",['NOT ENOUGH INFO'],REFUTES,NOT ENOUGH INFO,NOT ENOUGH INFO,REFUTES,REFUTES,SUPPORTS,SUPPORTS,SUPPORTS
"The English Wikipedia is the Portuguese-language edition of Wikipedia. Kindly answer with ""SUPPORTS"", ""REFUTES"", or ""NOT ENOUGH INFO"".",['REFUTES'],REFUTES,REFUTES,REFUTES,REFUTES,REFUTES,REFUTES,REFUTES,REFUTES
"Adobe Photoshop is a private company. Kindly answer with ""SUPPORTS"", ""REFUTES"", or ""NOT ENOUGH INFO"".",['NOT ENOUGH INFO'],REFUTES,REFUTES,REFUTES,REFUTES,REFUTES,REFUTES,NOT ENOUGH INFO,NOT ENOUGH INFO
"Google Search is the product of an American multinational manufacturing company. Kindly answer with ""SUPPORTS"", ""REFUTES"", or ""NOT ENOUGH INFO"".",['NOT ENOUGH INFO'],REFUTES,SUPPORTS,SUPPORTS,REFUTES,SUPPORTS,SUPPORTS,REFUTES,SUPPORTS
"Punch-Drunk Love's producers were Revolution Studios and New Line Cinema. Kindly answer with ""SUPPORTS"", ""REFUTES"", or ""NOT ENOUGH INFO"".",['SUPPORTS'],SUPPORTS,SUPPORTS,SUPPORTS,SUPPORTS,NOT ENOUGH INFO,NOT ENOUGH INFO,SUPPORTS,SUPPORTS
"Sierra Morena is only an idiom. Kindly answer with ""SUPPORTS"", ""REFUTES"", or ""NOT ENOUGH INFO"".",['REFUTES'],NOT ENOUGH INFO,REFUTES,REFUTES,REFUTES,REFUTES,REFUTES,REFUTES,REFUTES
"Half Girlfriend's principal photography began in June of 2016. Kindly answer with ""SUPPORTS"", ""REFUTES"", or ""NOT ENOUGH INFO"".",['SUPPORTS'],REFUTES,SUPPORTS,SUPPORTS,SUPPORTS,SUPPORTS,SUPPORTS,SUPPORTS,SUPPORTS
"The X-Files starred David Duchovny. Kindly answer with ""SUPPORTS"", ""REFUTES"", or ""NOT ENOUGH INFO"".",['SUPPORTS'],SUPPORTS,SUPPORTS,SUPPORTS,SUPPORTS,SUPPORTS,SUPPORTS,SUPPORTS,SUPPORTS
"With Singapore Airlines, the Airbus A380 entered commercial service. Kindly answer with ""SUPPORTS"", ""REFUTES"", or ""NOT ENOUGH INFO"".",['SUPPORTS'],SUPPORTS,SUPPORTS,SUPPORTS,SUPPORTS,SUPPORTS,SUPPORTS,SUPPORTS,SUPPORTS
"Superhuman abilities may come about from human enhancement by cybernetic implants. Kindly answer with ""SUPPORTS"", ""REFUTES"", or ""NOT ENOUGH INFO"".",['SUPPORTS'],NOT ENOUGH INFO,SUPPORTS,REFUTES,SUPPORTS,SUPPORTS,REFUTES,REFUTES,REFUTES
"The United States dollar is used in territory owned by the United Kingdom. Kindly answer with ""SUPPORTS"", ""REFUTES"", or ""NOT ENOUGH INFO"".",['SUPPORTS'],NOT ENOUGH INFO,SUPPORTS,SUPPORTS,REFUTES,REFUTES,SUPPORTS,SUPPORTS,SUPPORTS
"Samsung entered the shipbuilding industries in the 1970's. Kindly answer with ""SUPPORTS"", ""REFUTES"", or ""NOT ENOUGH INFO"".",['SUPPORTS'],REFUTES,SUPPORTS,SUPPORTS,SUPPORTS,SUPPORTS,SUPPORTS,SUPPORTS,SUPPORTS
"Kareem Abdul-Jabbar is ranked 3rd all-time in blocks and rebounds. Kindly answer with ""SUPPORTS"", ""REFUTES"", or ""NOT ENOUGH INFO"".",['SUPPORTS'],REFUTES,SUPPORTS,SUPPORTS,SUPPORTS,SUPPORTS,REFUTES,SUPPORTS,SUPPORTS
"Telephone consists of only verse-refrain. Kindly answer with ""SUPPORTS"", ""REFUTES"", or ""NOT ENOUGH INFO"".",['REFUTES'],SUPPORTS,REFUTES,REFUTES,REFUTES,NOT ENOUGH INFO,SUPPORTS,REFUTES,REFUTES
"Eurotas (river) is the main river of Laconia. Kindly answer with ""SUPPORTS"", ""REFUTES"", or ""NOT ENOUGH INFO"".",['SUPPORTS'],SUPPORTS,SUPPORTS,SUPPORTS,SUPPORTS,SUPPORTS,SUPPORTS,SUPPORTS,SUPPORTS
"Antigua's residents are all immigrants. Kindly answer with ""SUPPORTS"", ""REFUTES"", or ""NOT ENOUGH INFO"".",['NOT ENOUGH INFO'],REFUTES,REFUTES,REFUTES,REFUTES,REFUTES,REFUTES,REFUTES,REFUTES
"The Selma to Montgomery marches were part of a broader voting rights movement underway in Tuscaloosa. Kindly answer with ""SUPPORTS"", ""REFUTES"", or ""NOT ENOUGH INFO"".",['REFUTES'],REFUTES,NOT ENOUGH INFO,SUPPORTS,REFUTES,SUPPORTS,SUPPORTS,SUPPORTS,SUPPORTS
"Agent Raghav â€“ Crime Branch is a serial. Kindly answer with ""SUPPORTS"", ""REFUTES"", or ""NOT ENOUGH INFO"".",['REFUTES'],SUPPORTS,SUPPORTS,SUPPORTS,SUPPORTS,SUPPORTS,SUPPORTS,SUPPORTS,SUPPORTS
"Syco was established by a British person. Kindly answer with ""SUPPORTS"", ""REFUTES"", or ""NOT ENOUGH INFO"".",['SUPPORTS'],SUPPORTS,SUPPORTS,SUPPORTS,SUPPORTS,SUPPORTS,SUPPORTS,SUPPORTS,SUPPORTS
"James Brolin is an actor. Kindly answer with ""SUPPORTS"", ""REFUTES"", or ""NOT ENOUGH INFO"".",['SUPPORTS'],SUPPORTS,SUPPORTS,SUPPORTS,SUPPORTS,SUPPORTS,SUPPORTS,SUPPORTS,SUPPORTS
"San Francisco Bay Area is home to approximately 10 million people. Kindly answer with ""SUPPORTS"", ""REFUTES"", or ""NOT ENOUGH INFO"".",['REFUTES'],REFUTES,NOT ENOUGH INFO,REFUTES,NOT ENOUGH INFO,REFUTES,REFUTES,REFUTES,REFUTES
"Trouble with the Curve is a television show. Kindly answer with ""SUPPORTS"", ""REFUTES"", or ""NOT ENOUGH INFO"".",['REFUTES'],REFUTES,REFUTES,REFUTES,REFUTES,NOT ENOUGH INFO,REFUTES,REFUTES,REFUTES
"Balibo (film) starts in the year 1971. Kindly answer with ""SUPPORTS"", ""REFUTES"", or ""NOT ENOUGH INFO"".",['REFUTES'],NOT ENOUGH INFO,SUPPORTS,REFUTES,SUPPORTS,SUPPORTS,SUPPORTS,SUPPORTS,REFUTES
"Uganda was not ruled by the British. Kindly answer with ""SUPPORTS"", ""REFUTES"", or ""NOT ENOUGH INFO"".",['REFUTES'],NOT ENOUGH INFO,SUPPORTS,REFUTES,REFUTES,SUPPORTS,SUPPORTS,SUPPORTS,SUPPORTS
"Robinson Crusoe on Mars was distributed by Paramount Pictures in 2007. Kindly answer with ""SUPPORTS"", ""REFUTES"", or ""NOT ENOUGH INFO"".",['NOT ENOUGH INFO'],SUPPORTS,SUPPORTS,SUPPORTS,REFUTES,REFUTES,SUPPORTS,SUPPORTS,SUPPORTS
"Zac Efron was born in 1785. Kindly answer with ""SUPPORTS"", ""REFUTES"", or ""NOT ENOUGH INFO"".",['REFUTES'],REFUTES,SUPPORTS,REFUTES,NOT ENOUGH INFO,REFUTES,REFUTES,REFUTES,REFUTES
"Cleopatre is related to a work. Kindly answer with ""SUPPORTS"", ""REFUTES"", or ""NOT ENOUGH INFO"".",['NOT ENOUGH INFO'],SUPPORTS,SUPPORTS,SUPPORTS,NOT ENOUGH INFO,NOT ENOUGH INFO,SUPPORTS,SUPPORTS,SUPPORTS
"Sarah Hyland was in a movie called Chicago. Kindly answer with ""SUPPORTS"", ""REFUTES"", or ""NOT ENOUGH INFO"".",['NOT ENOUGH INFO'],NOT ENOUGH INFO,REFUTES,NOT ENOUGH INFO,REFUTES,REFUTES,REFUTES,REFUTES,REFUTES
"One True Thing was made in Switzerland. Kindly answer with ""SUPPORTS"", ""REFUTES"", or ""NOT ENOUGH INFO"".",['NOT ENOUGH INFO'],REFUTES,REFUTES,REFUTES,NOT ENOUGH INFO,NOT ENOUGH INFO,REFUTES,REFUTES,REFUTES
"Google Search shows home listings. Kindly answer with ""SUPPORTS"", ""REFUTES"", or ""NOT ENOUGH INFO"".",['SUPPORTS'],REFUTES,REFUTES,NOT ENOUGH INFO,SUPPORTS,SUPPORTS,SUPPORTS,SUPPORTS,SUPPORTS
"Toy Story 2 was produced by DreamWorks. Kindly answer with ""SUPPORTS"", ""REFUTES"", or ""NOT ENOUGH INFO"".",['REFUTES'],REFUTES,REFUTES,REFUTES,REFUTES,REFUTES,REFUTES,REFUTES,REFUTES
"Chris Mullin only played with the Indiana Pacers from 1991 until 1992. Kindly answer with ""SUPPORTS"", ""REFUTES"", or ""NOT ENOUGH INFO"".",['REFUTES'],REFUTES,REFUTES,REFUTES,SUPPORTS,REFUTES,REFUTES,REFUTES,REFUTES
"Phoenix, Arizona is a swamp. Kindly answer with ""SUPPORTS"", ""REFUTES"", or ""NOT ENOUGH INFO"".",['REFUTES'],REFUTES,SUPPORTS,REFUTES,REFUTES,REFUTES,REFUTES,REFUTES,SUPPORTS
"The Invisible Man was a romantic film. Kindly answer with ""SUPPORTS"", ""REFUTES"", or ""NOT ENOUGH INFO"".",['REFUTES'],REFUTES,REFUTES,REFUTES,REFUTES,REFUTES,SUPPORTS,REFUTES,REFUTES
"Two and a Half Men originally aired on CBS. Kindly answer with ""SUPPORTS"", ""REFUTES"", or ""NOT ENOUGH INFO"".",['SUPPORTS'],SUPPORTS,SUPPORTS,SUPPORTS,SUPPORTS,SUPPORTS,SUPPORTS,SUPPORTS,SUPPORTS
"Exotic Birds opened for a Canadian music duo. Kindly answer with ""SUPPORTS"", ""REFUTES"", or ""NOT ENOUGH INFO"".",['NOT ENOUGH INFO'],REFUTES,NOT ENOUGH INFO,SUPPORTS,NOT ENOUGH INFO,NOT ENOUGH INFO,NOT ENOUGH INFO,NOT ENOUGH INFO,REFUTES
"Species distribution can be understood through factors such as available resources. Kindly answer with ""SUPPORTS"", ""REFUTES"", or ""NOT ENOUGH INFO"".",['NOT ENOUGH INFO'],SUPPORTS,SUPPORTS,SUPPORTS,SUPPORTS,SUPPORTS,SUPPORTS,SUPPORTS,SUPPORTS
"The Quiet was released in 2005. Kindly answer with ""SUPPORTS"", ""REFUTES"", or ""NOT ENOUGH INFO"".",['SUPPORTS'],SUPPORTS,SUPPORTS,REFUTES,SUPPORTS,SUPPORTS,SUPPORTS,REFUTES,SUPPORTS
"Keith Stanfield was born in New York. Kindly answer with ""SUPPORTS"", ""REFUTES"", or ""NOT ENOUGH INFO"".",['NOT ENOUGH INFO'],REFUTES,REFUTES,REFUTES,REFUTES,REFUTES,REFUTES,REFUTES,REFUTES
"Key & Peele has yet to be nominated for a Writers Guild Award. Kindly answer with ""SUPPORTS"", ""REFUTES"", or ""NOT ENOUGH INFO"".",['REFUTES'],REFUTES,REFUTES,REFUTES,SUPPORTS,SUPPORTS,REFUTES,REFUTES,REFUTES
"A U.S. state is Phoenix, Arizona. Kindly answer with ""SUPPORTS"", ""REFUTES"", or ""NOT ENOUGH INFO"".",['REFUTES'],SUPPORTS,SUPPORTS,SUPPORTS,REFUTES,SUPPORTS,SUPPORTS,SUPPORTS,SUPPORTS
"The Brat Pack is a type of name given to a group. Kindly answer with ""SUPPORTS"", ""REFUTES"", or ""NOT ENOUGH INFO"".",['SUPPORTS'],SUPPORTS,SUPPORTS,SUPPORTS,SUPPORTS,SUPPORTS,SUPPORTS,SUPPORTS,SUPPORTS
"Unison (Celine Dion album) was originally released by Columbia Records. Kindly answer with ""SUPPORTS"", ""REFUTES"", or ""NOT ENOUGH INFO"".",['SUPPORTS'],SUPPORTS,SUPPORTS,SUPPORTS,SUPPORTS,SUPPORTS,SUPPORTS,SUPPORTS,SUPPORTS
"Personality is affected by the development of personal storage of information. Kindly answer with ""SUPPORTS"", ""REFUTES"", or ""NOT ENOUGH INFO"".",['NOT ENOUGH INFO'],NOT ENOUGH INFO,SUPPORTS,SUPPORTS,SUPPORTS,NOT ENOUGH INFO,SUPPORTS,SUPPORTS,SUPPORTS
"The Challenge XXX: Dirty 30 is a season of a show on Syfy. Kindly answer with ""SUPPORTS"", ""REFUTES"", or ""NOT ENOUGH INFO"".",['REFUTES'],SUPPORTS,REFUTES,REFUTES,REFUTES,REFUTES,REFUTES,REFUTES,REFUTES
"The Ukrainian Soviet Socialist Republic became Ukraine before the founding of the United Nations. Kindly answer with ""SUPPORTS"", ""REFUTES"", or ""NOT ENOUGH INFO"".",['SUPPORTS'],SUPPORTS,REFUTES,REFUTES,SUPPORTS,SUPPORTS,SUPPORTS,REFUTES,REFUTES
"Chinatown is an American automobile. Kindly answer with ""SUPPORTS"", ""REFUTES"", or ""NOT ENOUGH INFO"".",['NOT ENOUGH INFO'],REFUTES,REFUTES,REFUTES,REFUTES,REFUTES,REFUTES,NOT ENOUGH INFO,NOT ENOUGH INFO
"The New England Patriots owns the record for least Super Bowls reached. Kindly answer with ""SUPPORTS"", ""REFUTES"", or ""NOT ENOUGH INFO"".",['REFUTES'],NOT ENOUGH INFO,REFUTES,REFUTES,REFUTES,REFUTES,REFUTES,REFUTES,REFUTES
"Jonah Hill is an actor. Kindly answer with ""SUPPORTS"", ""REFUTES"", or ""NOT ENOUGH INFO"".",['SUPPORTS'],SUPPORTS,SUPPORTS,SUPPORTS,SUPPORTS,SUPPORTS,SUPPORTS,SUPPORTS,SUPPORTS
"UNICEF UK is a National Committee. Kindly answer with ""SUPPORTS"", ""REFUTES"", or ""NOT ENOUGH INFO"".",['SUPPORTS'],SUPPORTS,SUPPORTS,SUPPORTS,SUPPORTS,SUPPORTS,SUPPORTS,SUPPORTS,SUPPORTS
"Scandinavia does not contain Greenland. Kindly answer with ""SUPPORTS"", ""REFUTES"", or ""NOT ENOUGH INFO"".",['REFUTES'],,SUPPORTS,REFUTES,REFUTES,SUPPORTS,REFUTES,REFUTES,NOT ENOUGH INFO
"A staging area is a location where, before use, vehicles are assembled. Kindly answer with ""SUPPORTS"", ""REFUTES"", or ""NOT ENOUGH INFO"".",['SUPPORTS'],REFUTES,SUPPORTS,SUPPORTS,SUPPORTS,SUPPORTS,SUPPORTS,SUPPORTS,SUPPORTS
"Stomp the Yard stars a cat. Kindly answer with ""SUPPORTS"", ""REFUTES"", or ""NOT ENOUGH INFO"".",['REFUTES'],REFUTES,NOT ENOUGH INFO,REFUTES,REFUTES,REFUTES,REFUTES,REFUTES,REFUTES
"Port of Spain is the capital of an island. Kindly answer with ""SUPPORTS"", ""REFUTES"", or ""NOT ENOUGH INFO"".",['SUPPORTS'],SUPPORTS,SUPPORTS,SUPPORTS,SUPPORTS,SUPPORTS,SUPPORTS,SUPPORTS,SUPPORTS
"Norman Bates is a character exclusively from film. Kindly answer with ""SUPPORTS"", ""REFUTES"", or ""NOT ENOUGH INFO"".",['REFUTES'],,REFUTES,REFUTES,REFUTES,REFUTES,REFUTES,REFUTES,REFUTES
"In 2014, Sledgehammer was performed live for the first time. Kindly answer with ""SUPPORTS"", ""REFUTES"", or ""NOT ENOUGH INFO"".",['NOT ENOUGH INFO'],,SUPPORTS,NOT ENOUGH INFO,SUPPORTS,SUPPORTS,SUPPORTS,SUPPORTS,SUPPORTS
"Wolfgang Amadeus Mozart was not born in Salzburg. Kindly answer with ""SUPPORTS"", ""REFUTES"", or ""NOT ENOUGH INFO"".",['REFUTES'],REFUTES,REFUTES,REFUTES,REFUTES,REFUTES,REFUTES,REFUTES,REFUTES
"House of Balloons is a mixtape. Kindly answer with ""SUPPORTS"", ""REFUTES"", or ""NOT ENOUGH INFO"".",['SUPPORTS'],SUPPORTS,SUPPORTS,SUPPORTS,SUPPORTS,SUPPORTS,SUPPORTS,SUPPORTS,SUPPORTS
"Kareena Kapoor garnered positive reviews. Kindly answer with ""SUPPORTS"", ""REFUTES"", or ""NOT ENOUGH INFO"".",['NOT ENOUGH INFO'],SUPPORTS,SUPPORTS,NOT ENOUGH INFO,SUPPORTS,SUPPORTS,SUPPORTS,SUPPORTS,SUPPORTS
"Zac Efron's middle names are Emma and Suzanne. Kindly answer with ""SUPPORTS"", ""REFUTES"", or ""NOT ENOUGH INFO"".",['REFUTES'],REFUTES,REFUTES,REFUTES,REFUTES,REFUTES,REFUTES,REFUTES,REFUTES
"NXT Tag Team Championship is an athletic competition. Kindly answer with ""SUPPORTS"", ""REFUTES"", or ""NOT ENOUGH INFO"".",['NOT ENOUGH INFO'],REFUTES,REFUTES,REFUTES,SUPPORTS,SUPPORTS,REFUTES,REFUTES,SUPPORTS
"Gaius Julius Caesar was the uncle of a dictator. Kindly answer with ""SUPPORTS"", ""REFUTES"", or ""NOT ENOUGH INFO"".",['NOT ENOUGH INFO'],REFUTES,SUPPORTS,NOT ENOUGH INFO,SUPPORTS,SUPPORTS,SUPPORTS,REFUTES,SUPPORTS
"Zoey Deutch died on November 10, 1994. Kindly answer with ""SUPPORTS"", ""REFUTES"", or ""NOT ENOUGH INFO"".",['REFUTES'],REFUTES,REFUTES,REFUTES,REFUTES,REFUTES,REFUTES,REFUTES,REFUTES
"Mandy Moore had a career in country music for 11 years. Kindly answer with ""SUPPORTS"", ""REFUTES"", or ""NOT ENOUGH INFO"".",['NOT ENOUGH INFO'],SUPPORTS,NOT ENOUGH INFO,NOT ENOUGH INFO,SUPPORTS,REFUTES,NOT ENOUGH INFO,REFUTES,REFUTES
"Legendary Entertainment is the owner of Wanda Cinemas. Kindly answer with ""SUPPORTS"", ""REFUTES"", or ""NOT ENOUGH INFO"".",['NOT ENOUGH INFO'],REFUTES,NOT ENOUGH INFO,SUPPORTS,SUPPORTS,SUPPORTS,SUPPORTS,SUPPORTS,SUPPORTS
"Celebrity Rehab with Dr. Drew is a statue commemorating the arts in California. Kindly answer with ""SUPPORTS"", ""REFUTES"", or ""NOT ENOUGH INFO"".",['NOT ENOUGH INFO'],REFUTES,NOT ENOUGH INFO,REFUTES,REFUTES,REFUTES,REFUTES,REFUTES,REFUTES
"Brown University's main campus is located in the third richest city in New England. Kindly answer with ""SUPPORTS"", ""REFUTES"", or ""NOT ENOUGH INFO"".",['NOT ENOUGH INFO'],SUPPORTS,SUPPORTS,NOT ENOUGH INFO,SUPPORTS,NOT ENOUGH INFO,NOT ENOUGH INFO,NOT ENOUGH INFO,NOT ENOUGH INFO
"Temple Mount is related to an Abrahamic religion. Kindly answer with ""SUPPORTS"", ""REFUTES"", or ""NOT ENOUGH INFO"".",['SUPPORTS'],SUPPORTS,SUPPORTS,SUPPORTS,SUPPORTS,SUPPORTS,SUPPORTS,SUPPORTS,SUPPORTS
"The television series Fringe is available on DVD. Kindly answer with ""SUPPORTS"", ""REFUTES"", or ""NOT ENOUGH INFO"".",['NOT ENOUGH INFO'],NOT ENOUGH INFO,SUPPORTS,SUPPORTS,SUPPORTS,SUPPORTS,SUPPORTS,SUPPORTS,SUPPORTS
"Raja Hindustani is only an American movie. Kindly answer with ""SUPPORTS"", ""REFUTES"", or ""NOT ENOUGH INFO"".",['REFUTES'],NOT ENOUGH INFO,REFUTES,REFUTES,REFUTES,REFUTES,REFUTES,REFUTES,REFUTES
EM,,0.4533333333333333,0.56,0.5733333333333334,0.54,0.5933333333333334,0.52,0.5533333333333333,0.56
elapsed time,,2.507045981089274,276.5861198234558,378.96667040983834,0.7332682832082112,4.665330322583516,7.161618401209513,18.97528942743937,25.68337183157603
