Question,GT Answer,fever-short_react_text-davinci-002_google,"fever-short_got-3+demos-sa-knn+cx+t5-nli-ec+ci+[0.3,0.6,0.1]_gpt-3.5-turbo-1106_google","fever-short_got-3+demos-sa+cx+t5-nli-ec+ci+[0.3,0.6,0.1]_gpt-3.5-turbo-1106_google",fever-short_vanilla_gpt-3.5-turbo-1106_google,fever-short_retrieve_then_read_sc_gpt-3.5-turbo-1106_google,fever-short_multihop_gpt-3.5-turbo-1106_google,fever-short_dsp+sample_gpt-3.5-turbo-1106_google,fever-short_dsp+knn_gpt-3.5-turbo-1106_google
"Hermit crabs are carnivores. Kindly answer with ""SUPPORTS"", ""REFUTES"", or ""NOT ENOUGH INFO"".",['NOT ENOUGH INFO'],NOT ENOUGH INFO,REFUTES,REFUTES,SUPPORTS,REFUTES,REFUTES,REFUTES,REFUTES
"Estelle Getty funded films. Kindly answer with ""SUPPORTS"", ""REFUTES"", or ""NOT ENOUGH INFO"".",['NOT ENOUGH INFO'],REFUTES,NOT ENOUGH INFO,NOT ENOUGH INFO,REFUTES,NOT ENOUGH INFO,REFUTES,SUPPORTS,SUPPORTS
"Estonia is a country. Kindly answer with ""SUPPORTS"", ""REFUTES"", or ""NOT ENOUGH INFO"".",['SUPPORTS'],SUPPORTS,SUPPORTS,SUPPORTS,SUPPORTS,SUPPORTS,SUPPORTS,SUPPORTS,SUPPORTS
"Hermit crabs are trilobites. Kindly answer with ""SUPPORTS"", ""REFUTES"", or ""NOT ENOUGH INFO"".",['NOT ENOUGH INFO'],NOT ENOUGH INFO,REFUTES,NOT ENOUGH INFO,REFUTES,REFUTES,REFUTES,REFUTES,REFUTES
"Adidas only designs cars. Kindly answer with ""SUPPORTS"", ""REFUTES"", or ""NOT ENOUGH INFO"".",['REFUTES'],REFUTES,REFUTES,REFUTES,REFUTES,REFUTES,REFUTES,REFUTES,REFUTES
"Idealism led the Visigoths. Kindly answer with ""SUPPORTS"", ""REFUTES"", or ""NOT ENOUGH INFO"".",['NOT ENOUGH INFO'],SUPPORTS,REFUTES,NOT ENOUGH INFO,REFUTES,NOT ENOUGH INFO,NOT ENOUGH INFO,NOT ENOUGH INFO,NOT ENOUGH INFO
"Serotonin induces neuromodulation. Kindly answer with ""SUPPORTS"", ""REFUTES"", or ""NOT ENOUGH INFO"".",['SUPPORTS'],SUPPORTS,SUPPORTS,SUPPORTS,SUPPORTS,SUPPORTS,SUPPORTS,SUPPORTS,SUPPORTS
"Adidas only designs posters. Kindly answer with ""SUPPORTS"", ""REFUTES"", or ""NOT ENOUGH INFO"".",['REFUTES'],REFUTES,REFUTES,NOT ENOUGH INFO,REFUTES,REFUTES,NOT ENOUGH INFO,REFUTES,NOT ENOUGH INFO
"Islamabad has multiple universities. Kindly answer with ""SUPPORTS"", ""REFUTES"", or ""NOT ENOUGH INFO"".",['SUPPORTS'],REFUTES,SUPPORTS,SUPPORTS,SUPPORTS,SUPPORTS,SUPPORTS,SUPPORTS,SUPPORTS
"Roberto Orci wrote. Kindly answer with ""SUPPORTS"", ""REFUTES"", or ""NOT ENOUGH INFO"".",['SUPPORTS'],SUPPORTS,SUPPORTS,SUPPORTS,SUPPORTS,SUPPORTS,SUPPORTS,SUPPORTS,SUPPORTS
"Firefox is a browser. Kindly answer with ""SUPPORTS"", ""REFUTES"", or ""NOT ENOUGH INFO"".",['SUPPORTS'],SUPPORTS,SUPPORTS,SUPPORTS,SUPPORTS,SUPPORTS,SUPPORTS,SUPPORTS,SUPPORTS
"Gotham premiered in 2015. Kindly answer with ""SUPPORTS"", ""REFUTES"", or ""NOT ENOUGH INFO"".",['REFUTES'],SUPPORTS,REFUTES,REFUTES,SUPPORTS,SUPPORTS,REFUTES,REFUTES,SUPPORTS
"Edward Cullen was created. Kindly answer with ""SUPPORTS"", ""REFUTES"", or ""NOT ENOUGH INFO"".",['NOT ENOUGH INFO'],SUPPORTS,SUPPORTS,SUPPORTS,SUPPORTS,SUPPORTS,SUPPORTS,SUPPORTS,SUPPORTS
"PBS is a distributor. Kindly answer with ""SUPPORTS"", ""REFUTES"", or ""NOT ENOUGH INFO"".",['SUPPORTS'],SUPPORTS,SUPPORTS,SUPPORTS,SUPPORTS,SUPPORTS,SUPPORTS,SUPPORTS,SUPPORTS
"Hyksos performed horse burials. Kindly answer with ""SUPPORTS"", ""REFUTES"", or ""NOT ENOUGH INFO"".",['SUPPORTS'],REFUTES,SUPPORTS,SUPPORTS,SUPPORTS,NOT ENOUGH INFO,SUPPORTS,SUPPORTS,SUPPORTS
"Brazilian jiu-jitsu prohibits grappling. Kindly answer with ""SUPPORTS"", ""REFUTES"", or ""NOT ENOUGH INFO"".",['REFUTES'],REFUTES,REFUTES,REFUTES,REFUTES,REFUTES,REFUTES,REFUTES,REFUTES
"Yugoslavia was a place. Kindly answer with ""SUPPORTS"", ""REFUTES"", or ""NOT ENOUGH INFO"".",['SUPPORTS'],SUPPORTS,SUPPORTS,SUPPORTS,SUPPORTS,SUPPORTS,SUPPORTS,SUPPORTS,SUPPORTS
"Therasia is landlocked. Kindly answer with ""SUPPORTS"", ""REFUTES"", or ""NOT ENOUGH INFO"".",['REFUTES'],REFUTES,REFUTES,REFUTES,SUPPORTS,REFUTES,REFUTES,REFUTES,REFUTES
"Arjit Singh is Indian. Kindly answer with ""SUPPORTS"", ""REFUTES"", or ""NOT ENOUGH INFO"".",['SUPPORTS'],SUPPORTS,SUPPORTS,SUPPORTS,SUPPORTS,SUPPORTS,SUPPORTS,SUPPORTS,SUPPORTS
"Adidas is Colombian. Kindly answer with ""SUPPORTS"", ""REFUTES"", or ""NOT ENOUGH INFO"".",['REFUTES'],REFUTES,REFUTES,NOT ENOUGH INFO,REFUTES,REFUTES,SUPPORTS,SUPPORTS,SUPPORTS
"Sennacherib had a son. Kindly answer with ""SUPPORTS"", ""REFUTES"", or ""NOT ENOUGH INFO"".",['SUPPORTS'],SUPPORTS,SUPPORTS,SUPPORTS,SUPPORTS,SUPPORTS,SUPPORTS,SUPPORTS,SUPPORTS
"Julie Bowen is American. Kindly answer with ""SUPPORTS"", ""REFUTES"", or ""NOT ENOUGH INFO"".",['SUPPORTS'],SUPPORTS,SUPPORTS,SUPPORTS,SUPPORTS,SUPPORTS,SUPPORTS,SUPPORTS,SUPPORTS
"Corsica belongs to Italy. Kindly answer with ""SUPPORTS"", ""REFUTES"", or ""NOT ENOUGH INFO"".",['REFUTES'],REFUTES,REFUTES,REFUTES,REFUTES,REFUTES,REFUTES,REFUTES,REFUTES
"Levoamphetamine changes concentration. Kindly answer with ""SUPPORTS"", ""REFUTES"", or ""NOT ENOUGH INFO"".",['SUPPORTS'],NOT ENOUGH INFO,SUPPORTS,SUPPORTS,SUPPORTS,SUPPORTS,SUPPORTS,SUPPORTS,SUPPORTS
"Harry Fraud graduated college. Kindly answer with ""SUPPORTS"", ""REFUTES"", or ""NOT ENOUGH INFO"".",['NOT ENOUGH INFO'],SUPPORTS,REFUTES,NOT ENOUGH INFO,NOT ENOUGH INFO,NOT ENOUGH INFO,REFUTES,REFUTES,REFUTES
"Certain chemicals induce neuromodulation. Kindly answer with ""SUPPORTS"", ""REFUTES"", or ""NOT ENOUGH INFO"".",['SUPPORTS'],NOT ENOUGH INFO,SUPPORTS,SUPPORTS,SUPPORTS,SUPPORTS,SUPPORTS,SUPPORTS,SUPPORTS
"Annie is a movie. Kindly answer with ""SUPPORTS"", ""REFUTES"", or ""NOT ENOUGH INFO"".",['SUPPORTS'],SUPPORTS,SUPPORTS,SUPPORTS,SUPPORTS,SUPPORTS,SUPPORTS,SUPPORTS,SUPPORTS
"Dopamine causes neuromodulation. Kindly answer with ""SUPPORTS"", ""REFUTES"", or ""NOT ENOUGH INFO"".",['SUPPORTS'],NOT ENOUGH INFO,SUPPORTS,SUPPORTS,SUPPORTS,SUPPORTS,SUPPORTS,SUPPORTS,SUPPORTS
"Mike Friedrich is American. Kindly answer with ""SUPPORTS"", ""REFUTES"", or ""NOT ENOUGH INFO"".",['SUPPORTS'],SUPPORTS,SUPPORTS,SUPPORTS,SUPPORTS,NOT ENOUGH INFO,SUPPORTS,SUPPORTS,SUPPORTS
"See.SZA.Run is an EP. Kindly answer with ""SUPPORTS"", ""REFUTES"", or ""NOT ENOUGH INFO"".",['NOT ENOUGH INFO'],SUPPORTS,SUPPORTS,SUPPORTS,SUPPORTS,SUPPORTS,SUPPORTS,SUPPORTS,SUPPORTS
"Malta is officially atheistic. Kindly answer with ""SUPPORTS"", ""REFUTES"", or ""NOT ENOUGH INFO"".",['NOT ENOUGH INFO'],NOT ENOUGH INFO,REFUTES,REFUTES,REFUTES,REFUTES,REFUTES,REFUTES,REFUTES
"Solanum contains the leopards. Kindly answer with ""SUPPORTS"", ""REFUTES"", or ""NOT ENOUGH INFO"".",['REFUTES'],NOT ENOUGH INFO,REFUTES,NOT ENOUGH INFO,NOT ENOUGH INFO,REFUTES,REFUTES,SUPPORTS,SUPPORTS
"Argentina is also subdivided. Kindly answer with ""SUPPORTS"", ""REFUTES"", or ""NOT ENOUGH INFO"".",['SUPPORTS'],SUPPORTS,SUPPORTS,SUPPORTS,SUPPORTS,SUPPORTS,SUPPORTS,SUPPORTS,SUPPORTS
"IMDb is not user-edited. Kindly answer with ""SUPPORTS"", ""REFUTES"", or ""NOT ENOUGH INFO"".",['SUPPORTS'],REFUTES,SUPPORTS,REFUTES,REFUTES,REFUTES,REFUTES,SUPPORTS,REFUTES
"Tennessee is in America. Kindly answer with ""SUPPORTS"", ""REFUTES"", or ""NOT ENOUGH INFO"".",['SUPPORTS'],SUPPORTS,SUPPORTS,SUPPORTS,SUPPORTS,SUPPORTS,SUPPORTS,SUPPORTS,SUPPORTS
"B. R. Ambedkar died. Kindly answer with ""SUPPORTS"", ""REFUTES"", or ""NOT ENOUGH INFO"".",['SUPPORTS'],SUPPORTS,SUPPORTS,SUPPORTS,SUPPORTS,SUPPORTS,SUPPORTS,SUPPORTS,SUPPORTS
"Nero has cancer. Kindly answer with ""SUPPORTS"", ""REFUTES"", or ""NOT ENOUGH INFO"".",['NOT ENOUGH INFO'],NOT ENOUGH INFO,SUPPORTS,SUPPORTS,NOT ENOUGH INFO,NOT ENOUGH INFO,SUPPORTS,SUPPORTS,SUPPORTS
"Probot had Emma Stone. Kindly answer with ""SUPPORTS"", ""REFUTES"", or ""NOT ENOUGH INFO"".",['NOT ENOUGH INFO'],REFUTES,REFUTES,NOT ENOUGH INFO,REFUTES,NOT ENOUGH INFO,SUPPORTS,SUPPORTS,NOT ENOUGH INFO
"Linkin Park made Reanimation Kindly answer with ""SUPPORTS"", ""REFUTES"", or ""NOT ENOUGH INFO"".",['SUPPORTS'],REFUTES,SUPPORTS,SUPPORTS,SUPPORTS,SUPPORTS,SUPPORTS,SUPPORTS,SUPPORTS
"Azithromycin is sold. Kindly answer with ""SUPPORTS"", ""REFUTES"", or ""NOT ENOUGH INFO"".",['SUPPORTS'],SUPPORTS,SUPPORTS,SUPPORTS,SUPPORTS,SUPPORTS,REFUTES,REFUTES,SUPPORTS
"Natasha Lyonne is retiring. Kindly answer with ""SUPPORTS"", ""REFUTES"", or ""NOT ENOUGH INFO"".",['NOT ENOUGH INFO'],REFUTES,REFUTES,SUPPORTS,REFUTES,REFUTES,REFUTES,REFUTES,REFUTES
"Rehab had success. Kindly answer with ""SUPPORTS"", ""REFUTES"", or ""NOT ENOUGH INFO"".",['NOT ENOUGH INFO'],,SUPPORTS,SUPPORTS,SUPPORTS,SUPPORTS,SUPPORTS,SUPPORTS,SUPPORTS
"Julie Bowen is Buddhist. Kindly answer with ""SUPPORTS"", ""REFUTES"", or ""NOT ENOUGH INFO"".",['NOT ENOUGH INFO'],SUPPORTS,REFUTES,NOT ENOUGH INFO,REFUTES,NOT ENOUGH INFO,REFUTES,REFUTES,REFUTES
"Dopamine prevents neuromodulation. Kindly answer with ""SUPPORTS"", ""REFUTES"", or ""NOT ENOUGH INFO"".",['REFUTES'],NOT ENOUGH INFO,REFUTES,NOT ENOUGH INFO,REFUTES,REFUTES,SUPPORTS,REFUTES,SUPPORTS
"Alex Jones writes. Kindly answer with ""SUPPORTS"", ""REFUTES"", or ""NOT ENOUGH INFO"".",['SUPPORTS'],SUPPORTS,SUPPORTS,NOT ENOUGH INFO,SUPPORTS,SUPPORTS,SUPPORTS,REFUTES,REFUTES
"Estonia is not landlocked. Kindly answer with ""SUPPORTS"", ""REFUTES"", or ""NOT ENOUGH INFO"".",['NOT ENOUGH INFO'],REFUTES,SUPPORTS,SUPPORTS,SUPPORTS,SUPPORTS,SUPPORTS,SUPPORTS,SUPPORTS
"Adidas designs boots. Kindly answer with ""SUPPORTS"", ""REFUTES"", or ""NOT ENOUGH INFO"".",['NOT ENOUGH INFO'],SUPPORTS,SUPPORTS,SUPPORTS,SUPPORTS,SUPPORTS,SUPPORTS,SUPPORTS,SUPPORTS
"Java is an landform. Kindly answer with ""SUPPORTS"", ""REFUTES"", or ""NOT ENOUGH INFO"".",['SUPPORTS'],SUPPORTS,SUPPORTS,SUPPORTS,REFUTES,SUPPORTS,SUPPORTS,SUPPORTS,SUPPORTS
"Vic Mensa is Vietnamese. Kindly answer with ""SUPPORTS"", ""REFUTES"", or ""NOT ENOUGH INFO"".",['REFUTES'],REFUTES,REFUTES,NOT ENOUGH INFO,REFUTES,REFUTES,REFUTES,REFUTES,REFUTES
"SummerSlam had no show. Kindly answer with ""SUPPORTS"", ""REFUTES"", or ""NOT ENOUGH INFO"".",['REFUTES'],REFUTES,SUPPORTS,REFUTES,REFUTES,REFUTES,REFUTES,SUPPORTS,SUPPORTS
"Moscovium is a molecule. Kindly answer with ""SUPPORTS"", ""REFUTES"", or ""NOT ENOUGH INFO"".",['SUPPORTS'],SUPPORTS,REFUTES,REFUTES,REFUTES,REFUTES,REFUTES,REFUTES,REFUTES
"Aeneas is in mythology. Kindly answer with ""SUPPORTS"", ""REFUTES"", or ""NOT ENOUGH INFO"".",['SUPPORTS'],SUPPORTS,SUPPORTS,SUPPORTS,SUPPORTS,SUPPORTS,SUPPORTS,SUPPORTS,SUPPORTS
"Adidas is German. Kindly answer with ""SUPPORTS"", ""REFUTES"", or ""NOT ENOUGH INFO"".",['SUPPORTS'],SUPPORTS,SUPPORTS,SUPPORTS,SUPPORTS,SUPPORTS,SUPPORTS,SUPPORTS,SUPPORTS
"Backing vocalists are performers. Kindly answer with ""SUPPORTS"", ""REFUTES"", or ""NOT ENOUGH INFO"".",['SUPPORTS'],SUPPORTS,SUPPORTS,SUPPORTS,SUPPORTS,SUPPORTS,SUPPORTS,SUPPORTS,SUPPORTS
"Benzodiazepine is a medication. Kindly answer with ""SUPPORTS"", ""REFUTES"", or ""NOT ENOUGH INFO"".",['SUPPORTS'],SUPPORTS,SUPPORTS,SUPPORTS,SUPPORTS,SUPPORTS,SUPPORTS,SUPPORTS,SUPPORTS
"Raven-Symoné appears in Empire. Kindly answer with ""SUPPORTS"", ""REFUTES"", or ""NOT ENOUGH INFO"".",['SUPPORTS'],REFUTES,SUPPORTS,SUPPORTS,SUPPORTS,SUPPORTS,SUPPORTS,SUPPORTS,SUPPORTS
"Jefferson Davis grew up. Kindly answer with ""SUPPORTS"", ""REFUTES"", or ""NOT ENOUGH INFO"".",['SUPPORTS'],SUPPORTS,SUPPORTS,SUPPORTS,SUPPORTS,SUPPORTS,SUPPORTS,SUPPORTS,SUPPORTS
"Ed Decter is illiterate. Kindly answer with ""SUPPORTS"", ""REFUTES"", or ""NOT ENOUGH INFO"".",['NOT ENOUGH INFO'],NOT ENOUGH INFO,REFUTES,REFUTES,REFUTES,REFUTES,REFUTES,NOT ENOUGH INFO,NOT ENOUGH INFO
"Reanimation is a book. Kindly answer with ""SUPPORTS"", ""REFUTES"", or ""NOT ENOUGH INFO"".",['NOT ENOUGH INFO'],SUPPORTS,SUPPORTS,SUPPORTS,SUPPORTS,SUPPORTS,SUPPORTS,SUPPORTS,SUPPORTS
"Histamine prevents neuromodulation. Kindly answer with ""SUPPORTS"", ""REFUTES"", or ""NOT ENOUGH INFO"".",['REFUTES'],NOT ENOUGH INFO,REFUTES,REFUTES,REFUTES,REFUTES,REFUTES,REFUTES,REFUTES
"Moesia included Bulgarian Dobrudja. Kindly answer with ""SUPPORTS"", ""REFUTES"", or ""NOT ENOUGH INFO"".",['NOT ENOUGH INFO'],SUPPORTS,SUPPORTS,SUPPORTS,SUPPORTS,SUPPORTS,SUPPORTS,SUPPORTS,SUPPORTS
"Rehab won an award. Kindly answer with ""SUPPORTS"", ""REFUTES"", or ""NOT ENOUGH INFO"".",['SUPPORTS'],SUPPORTS,SUPPORTS,SUPPORTS,SUPPORTS,SUPPORTS,NOT ENOUGH INFO,SUPPORTS,SUPPORTS
"Shannon Lee is cereal. Kindly answer with ""SUPPORTS"", ""REFUTES"", or ""NOT ENOUGH INFO"".",['REFUTES'],REFUTES,NOT ENOUGH INFO,REFUTES,REFUTES,NOT ENOUGH INFO,REFUTES,NOT ENOUGH INFO,NOT ENOUGH INFO
"Theresa May served. Kindly answer with ""SUPPORTS"", ""REFUTES"", or ""NOT ENOUGH INFO"".",['SUPPORTS'],SUPPORTS,SUPPORTS,SUPPORTS,SUPPORTS,SUPPORTS,SUPPORTS,REFUTES,SUPPORTS
"Hermit crabs are chilopods. Kindly answer with ""SUPPORTS"", ""REFUTES"", or ""NOT ENOUGH INFO"".",['REFUTES'],NOT ENOUGH INFO,REFUTES,REFUTES,REFUTES,REFUTES,REFUTES,REFUTES,REFUTES
"Cthulhu is Freudian. Kindly answer with ""SUPPORTS"", ""REFUTES"", or ""NOT ENOUGH INFO"".",['NOT ENOUGH INFO'],REFUTES,NOT ENOUGH INFO,NOT ENOUGH INFO,REFUTES,REFUTES,SUPPORTS,SUPPORTS,SUPPORTS
"Scaramouche is a translation. Kindly answer with ""SUPPORTS"", ""REFUTES"", or ""NOT ENOUGH INFO"".",['REFUTES'],REFUTES,SUPPORTS,SUPPORTS,SUPPORTS,SUPPORTS,SUPPORTS,SUPPORTS,REFUTES
"Ding Yanyuhang is European. Kindly answer with ""SUPPORTS"", ""REFUTES"", or ""NOT ENOUGH INFO"".",['REFUTES'],REFUTES,REFUTES,NOT ENOUGH INFO,REFUTES,REFUTES,REFUTES,REFUTES,REFUTES
"Cleopatre premiered violently. Kindly answer with ""SUPPORTS"", ""REFUTES"", or ""NOT ENOUGH INFO"".",['NOT ENOUGH INFO'],REFUTES,REFUTES,NOT ENOUGH INFO,NOT ENOUGH INFO,NOT ENOUGH INFO,SUPPORTS,SUPPORTS,SUPPORTS
"Pink is a city. Kindly answer with ""SUPPORTS"", ""REFUTES"", or ""NOT ENOUGH INFO"".",['REFUTES'],REFUTES,SUPPORTS,REFUTES,REFUTES,NOT ENOUGH INFO,SUPPORTS,SUPPORTS,REFUTES
"Uranium has 92 neutrons. Kindly answer with ""SUPPORTS"", ""REFUTES"", or ""NOT ENOUGH INFO"".",['REFUTES'],NOT ENOUGH INFO,REFUTES,REFUTES,NOT ENOUGH INFO,SUPPORTS,REFUTES,REFUTES,REFUTES
"Hebe wrestled Heracles. Kindly answer with ""SUPPORTS"", ""REFUTES"", or ""NOT ENOUGH INFO"".",['NOT ENOUGH INFO'],REFUTES,REFUTES,NOT ENOUGH INFO,REFUTES,REFUTES,REFUTES,REFUTES,REFUTES
"Scream was unremarkable. Kindly answer with ""SUPPORTS"", ""REFUTES"", or ""NOT ENOUGH INFO"".",['REFUTES'],NOT ENOUGH INFO,REFUTES,REFUTES,REFUTES,NOT ENOUGH INFO,REFUTES,NOT ENOUGH INFO,NOT ENOUGH INFO
"Kenny Chesney is American. Kindly answer with ""SUPPORTS"", ""REFUTES"", or ""NOT ENOUGH INFO"".",['SUPPORTS'],SUPPORTS,SUPPORTS,SUPPORTS,SUPPORTS,SUPPORTS,SUPPORTS,SUPPORTS,SUPPORTS
"Python supports programming. Kindly answer with ""SUPPORTS"", ""REFUTES"", or ""NOT ENOUGH INFO"".",['SUPPORTS'],SUPPORTS,SUPPORTS,SUPPORTS,SUPPORTS,SUPPORTS,SUPPORTS,SUPPORTS,SUPPORTS
"Vampires were undead beings. Kindly answer with ""SUPPORTS"", ""REFUTES"", or ""NOT ENOUGH INFO"".",['SUPPORTS'],SUPPORTS,SUPPORTS,SUPPORTS,SUPPORTS,SUPPORTS,REFUTES,SUPPORTS,SUPPORTS
"Richard Kuklinski is alone. Kindly answer with ""SUPPORTS"", ""REFUTES"", or ""NOT ENOUGH INFO"".",['NOT ENOUGH INFO'],REFUTES,REFUTES,REFUTES,NOT ENOUGH INFO,REFUTES,REFUTES,REFUTES,REFUTES
"Hebe married Achilles. Kindly answer with ""SUPPORTS"", ""REFUTES"", or ""NOT ENOUGH INFO"".",['NOT ENOUGH INFO'],REFUTES,REFUTES,NOT ENOUGH INFO,NOT ENOUGH INFO,REFUTES,REFUTES,REFUTES,REFUTES
"Sarah Hyland is Iraqi. Kindly answer with ""SUPPORTS"", ""REFUTES"", or ""NOT ENOUGH INFO"".",['NOT ENOUGH INFO'],NOT ENOUGH INFO,REFUTES,NOT ENOUGH INFO,REFUTES,REFUTES,REFUTES,REFUTES,REFUTES
"Linkin Park released Meteora. Kindly answer with ""SUPPORTS"", ""REFUTES"", or ""NOT ENOUGH INFO"".",['SUPPORTS'],REFUTES,SUPPORTS,SUPPORTS,SUPPORTS,SUPPORTS,SUPPORTS,SUPPORTS,SUPPORTS
"Simon Pegg is English. Kindly answer with ""SUPPORTS"", ""REFUTES"", or ""NOT ENOUGH INFO"".",['SUPPORTS'],SUPPORTS,SUPPORTS,SUPPORTS,SUPPORTS,SUPPORTS,SUPPORTS,SUPPORTS,SUPPORTS
"Ricardo Montalbán was Dutch. Kindly answer with ""SUPPORTS"", ""REFUTES"", or ""NOT ENOUGH INFO"".",['REFUTES'],REFUTES,REFUTES,NOT ENOUGH INFO,REFUTES,REFUTES,REFUTES,REFUTES,REFUTES
"Akon is an entertainer. Kindly answer with ""SUPPORTS"", ""REFUTES"", or ""NOT ENOUGH INFO"".",['SUPPORTS'],SUPPORTS,SUPPORTS,SUPPORTS,SUPPORTS,SUPPORTS,SUPPORTS,SUPPORTS,SUPPORTS
"GLOW has one episode. Kindly answer with ""SUPPORTS"", ""REFUTES"", or ""NOT ENOUGH INFO"".",['REFUTES'],REFUTES,REFUTES,REFUTES,REFUTES,NOT ENOUGH INFO,REFUTES,REFUTES,REFUTES
"Levoamphetamine is a stimulant. Kindly answer with ""SUPPORTS"", ""REFUTES"", or ""NOT ENOUGH INFO"".",['SUPPORTS'],NOT ENOUGH INFO,SUPPORTS,SUPPORTS,SUPPORTS,SUPPORTS,SUPPORTS,SUPPORTS,SUPPORTS
"Ayananka Bose reviews movies. Kindly answer with ""SUPPORTS"", ""REFUTES"", or ""NOT ENOUGH INFO"".",['NOT ENOUGH INFO'],SUPPORTS,REFUTES,NOT ENOUGH INFO,SUPPORTS,SUPPORTS,REFUTES,SUPPORTS,SUPPORTS
"Quay premiered in Queens. Kindly answer with ""SUPPORTS"", ""REFUTES"", or ""NOT ENOUGH INFO"".",['NOT ENOUGH INFO'],NOT ENOUGH INFO,REFUTES,NOT ENOUGH INFO,SUPPORTS,NOT ENOUGH INFO,REFUTES,SUPPORTS,NOT ENOUGH INFO
"Veep is a movie. Kindly answer with ""SUPPORTS"", ""REFUTES"", or ""NOT ENOUGH INFO"".",['NOT ENOUGH INFO'],REFUTES,REFUTES,REFUTES,REFUTES,NOT ENOUGH INFO,REFUTES,REFUTES,REFUTES
"Tenacious D was released. Kindly answer with ""SUPPORTS"", ""REFUTES"", or ""NOT ENOUGH INFO"".",['SUPPORTS'],SUPPORTS,SUPPORTS,SUPPORTS,SUPPORTS,SUPPORTS,SUPPORTS,SUPPORTS,SUPPORTS
"Hermit crabs are animals. Kindly answer with ""SUPPORTS"", ""REFUTES"", or ""NOT ENOUGH INFO"".",['SUPPORTS'],,SUPPORTS,SUPPORTS,SUPPORTS,SUPPORTS,SUPPORTS,SUPPORTS,SUPPORTS
"A thunderstorm produces nothing. Kindly answer with ""SUPPORTS"", ""REFUTES"", or ""NOT ENOUGH INFO"".",['REFUTES'],NOT ENOUGH INFO,REFUTES,REFUTES,REFUTES,REFUTES,REFUTES,REFUTES,SUPPORTS
"Freckles induce neuromodulation. Kindly answer with ""SUPPORTS"", ""REFUTES"", or ""NOT ENOUGH INFO"".",['NOT ENOUGH INFO'],REFUTES,REFUTES,NOT ENOUGH INFO,NOT ENOUGH INFO,NOT ENOUGH INFO,SUPPORTS,NOT ENOUGH INFO,NOT ENOUGH INFO
"Saw II is unreleased. Kindly answer with ""SUPPORTS"", ""REFUTES"", or ""NOT ENOUGH INFO"".",['REFUTES'],REFUTES,REFUTES,REFUTES,REFUTES,REFUTES,REFUTES,REFUTES,REFUTES
"Chris Benoit is Jewish. Kindly answer with ""SUPPORTS"", ""REFUTES"", or ""NOT ENOUGH INFO"".",['NOT ENOUGH INFO'],NOT ENOUGH INFO,REFUTES,NOT ENOUGH INFO,NOT ENOUGH INFO,NOT ENOUGH INFO,REFUTES,NOT ENOUGH INFO,NOT ENOUGH INFO
"Brazilian jiu-jitsu involves grappling. Kindly answer with ""SUPPORTS"", ""REFUTES"", or ""NOT ENOUGH INFO"".",['SUPPORTS'],SUPPORTS,SUPPORTS,SUPPORTS,SUPPORTS,SUPPORTS,SUPPORTS,SUPPORTS,SUPPORTS
"Nero is a person. Kindly answer with ""SUPPORTS"", ""REFUTES"", or ""NOT ENOUGH INFO"".",['REFUTES'],SUPPORTS,SUPPORTS,SUPPORTS,SUPPORTS,SUPPORTS,SUPPORTS,SUPPORTS,SUPPORTS
"Elizabeth Olsen is French. Kindly answer with ""SUPPORTS"", ""REFUTES"", or ""NOT ENOUGH INFO"".",['NOT ENOUGH INFO'],REFUTES,REFUTES,NOT ENOUGH INFO,REFUTES,NOT ENOUGH INFO,REFUTES,SUPPORTS,REFUTES
"Granite is a car. Kindly answer with ""SUPPORTS"", ""REFUTES"", or ""NOT ENOUGH INFO"".",['REFUTES'],REFUTES,REFUTES,NOT ENOUGH INFO,REFUTES,REFUTES,REFUTES,SUPPORTS,SUPPORTS
"Lucy Hale is Libyan. Kindly answer with ""SUPPORTS"", ""REFUTES"", or ""NOT ENOUGH INFO"".",['NOT ENOUGH INFO'],NOT ENOUGH INFO,REFUTES,NOT ENOUGH INFO,REFUTES,NOT ENOUGH INFO,NOT ENOUGH INFO,REFUTES,REFUTES
"Barbarella is not non-fiction. Kindly answer with ""SUPPORTS"", ""REFUTES"", or ""NOT ENOUGH INFO"".",['SUPPORTS'],REFUTES,SUPPORTS,SUPPORTS,SUPPORTS,SUPPORTS,SUPPORTS,SUPPORTS,SUPPORTS
"Cary Elwes writes. Kindly answer with ""SUPPORTS"", ""REFUTES"", or ""NOT ENOUGH INFO"".",['SUPPORTS'],SUPPORTS,SUPPORTS,SUPPORTS,SUPPORTS,SUPPORTS,SUPPORTS,SUPPORTS,SUPPORTS
"Estonia is a place. Kindly answer with ""SUPPORTS"", ""REFUTES"", or ""NOT ENOUGH INFO"".",['SUPPORTS'],SUPPORTS,SUPPORTS,SUPPORTS,SUPPORTS,SUPPORTS,SUPPORTS,SUPPORTS,SUPPORTS
"Overexposed is an album. Kindly answer with ""SUPPORTS"", ""REFUTES"", or ""NOT ENOUGH INFO"".",['SUPPORTS'],NOT ENOUGH INFO,SUPPORTS,SUPPORTS,SUPPORTS,SUPPORTS,SUPPORTS,SUPPORTS,SUPPORTS
"Barbarella is non-fiction. Kindly answer with ""SUPPORTS"", ""REFUTES"", or ""NOT ENOUGH INFO"".",['REFUTES'],REFUTES,REFUTES,REFUTES,REFUTES,REFUTES,REFUTES,REFUTES,REFUTES
"PBS is Western. Kindly answer with ""SUPPORTS"", ""REFUTES"", or ""NOT ENOUGH INFO"".",['NOT ENOUGH INFO'],REFUTES,REFUTES,NOT ENOUGH INFO,REFUTES,SUPPORTS,SUPPORTS,NOT ENOUGH INFO,NOT ENOUGH INFO
"Veep has multiple fans. Kindly answer with ""SUPPORTS"", ""REFUTES"", or ""NOT ENOUGH INFO"".",['NOT ENOUGH INFO'],SUPPORTS,NOT ENOUGH INFO,SUPPORTS,SUPPORTS,SUPPORTS,SUPPORTS,SUPPORTS,SUPPORTS
"Fringe concluded in 2011. Kindly answer with ""SUPPORTS"", ""REFUTES"", or ""NOT ENOUGH INFO"".",['REFUTES'],REFUTES,REFUTES,REFUTES,REFUTES,REFUTES,REFUTES,REFUTES,REFUTES
"Ragtime features Morgan Freeman. Kindly answer with ""SUPPORTS"", ""REFUTES"", or ""NOT ENOUGH INFO"".",['NOT ENOUGH INFO'],REFUTES,REFUTES,NOT ENOUGH INFO,REFUTES,REFUTES,SUPPORTS,NOT ENOUGH INFO,SUPPORTS
"Grease was a novel. Kindly answer with ""SUPPORTS"", ""REFUTES"", or ""NOT ENOUGH INFO"".",['NOT ENOUGH INFO'],REFUTES,SUPPORTS,SUPPORTS,REFUTES,NOT ENOUGH INFO,SUPPORTS,SUPPORTS,SUPPORTS
"Veep is a show. Kindly answer with ""SUPPORTS"", ""REFUTES"", or ""NOT ENOUGH INFO"".",['SUPPORTS'],SUPPORTS,SUPPORTS,SUPPORTS,SUPPORTS,NOT ENOUGH INFO,SUPPORTS,SUPPORTS,SUPPORTS
"Annie was released. Kindly answer with ""SUPPORTS"", ""REFUTES"", or ""NOT ENOUGH INFO"".",['SUPPORTS'],SUPPORTS,SUPPORTS,SUPPORTS,SUPPORTS,SUPPORTS,SUPPORTS,SUPPORTS,SUPPORTS
"IMDb is a site. Kindly answer with ""SUPPORTS"", ""REFUTES"", or ""NOT ENOUGH INFO"".",['SUPPORTS'],SUPPORTS,SUPPORTS,SUPPORTS,SUPPORTS,SUPPORTS,SUPPORTS,SUPPORTS,SUPPORTS
"SummerSlam was a concert. Kindly answer with ""SUPPORTS"", ""REFUTES"", or ""NOT ENOUGH INFO"".",['REFUTES'],REFUTES,REFUTES,NOT ENOUGH INFO,REFUTES,REFUTES,REFUTES,REFUTES,REFUTES
"Matthew Vaughn is Russian. Kindly answer with ""SUPPORTS"", ""REFUTES"", or ""NOT ENOUGH INFO"".",['NOT ENOUGH INFO'],REFUTES,REFUTES,REFUTES,REFUTES,REFUTES,REFUTES,REFUTES,NOT ENOUGH INFO
"Sennacherib had no children. Kindly answer with ""SUPPORTS"", ""REFUTES"", or ""NOT ENOUGH INFO"".",['REFUTES'],NOT ENOUGH INFO,REFUTES,REFUTES,REFUTES,REFUTES,REFUTES,REFUTES,REFUTES
"Aphrodite is beautiful. Kindly answer with ""SUPPORTS"", ""REFUTES"", or ""NOT ENOUGH INFO"".",['NOT ENOUGH INFO'],SUPPORTS,SUPPORTS,SUPPORTS,SUPPORTS,SUPPORTS,SUPPORTS,SUPPORTS,SUPPORTS
"Azithromycin is available. Kindly answer with ""SUPPORTS"", ""REFUTES"", or ""NOT ENOUGH INFO"".",['SUPPORTS'],SUPPORTS,SUPPORTS,SUPPORTS,SUPPORTS,SUPPORTS,REFUTES,REFUTES,REFUTES
"Dopamine induces neuromodulation. Kindly answer with ""SUPPORTS"", ""REFUTES"", or ""NOT ENOUGH INFO"".",['SUPPORTS'],NOT ENOUGH INFO,SUPPORTS,SUPPORTS,SUPPORTS,SUPPORTS,SUPPORTS,SUPPORTS,SUPPORTS
"Amancio Ortega is German. Kindly answer with ""SUPPORTS"", ""REFUTES"", or ""NOT ENOUGH INFO"".",['REFUTES'],REFUTES,REFUTES,REFUTES,REFUTES,REFUTES,REFUTES,REFUTES,REFUTES
"Islamabad is a state. Kindly answer with ""SUPPORTS"", ""REFUTES"", or ""NOT ENOUGH INFO"".",['REFUTES'],REFUTES,REFUTES,REFUTES,REFUTES,REFUTES,REFUTES,REFUTES,REFUTES
"Ayananka Bose is Canadian. Kindly answer with ""SUPPORTS"", ""REFUTES"", or ""NOT ENOUGH INFO"".",['REFUTES'],REFUTES,REFUTES,REFUTES,REFUTES,NOT ENOUGH INFO,REFUTES,REFUTES,REFUTES
"Vampires are deceased. Kindly answer with ""SUPPORTS"", ""REFUTES"", or ""NOT ENOUGH INFO"".",['SUPPORTS'],NOT ENOUGH INFO,SUPPORTS,REFUTES,REFUTES,REFUTES,REFUTES,SUPPORTS,REFUTES
"Birmingham is a township. Kindly answer with ""SUPPORTS"", ""REFUTES"", or ""NOT ENOUGH INFO"".",['NOT ENOUGH INFO'],REFUTES,REFUTES,NOT ENOUGH INFO,SUPPORTS,SUPPORTS,REFUTES,REFUTES,REFUTES
"Arjit Singh is female. Kindly answer with ""SUPPORTS"", ""REFUTES"", or ""NOT ENOUGH INFO"".",['REFUTES'],REFUTES,REFUTES,REFUTES,REFUTES,REFUTES,REFUTES,REFUTES,REFUTES
"Scandal plays rock music. Kindly answer with ""SUPPORTS"", ""REFUTES"", or ""NOT ENOUGH INFO"".",['SUPPORTS'],SUPPORTS,SUPPORTS,SUPPORTS,SUPPORTS,SUPPORTS,SUPPORTS,SUPPORTS,SUPPORTS
"Babur was a fighter. Kindly answer with ""SUPPORTS"", ""REFUTES"", or ""NOT ENOUGH INFO"".",['NOT ENOUGH INFO'],SUPPORTS,SUPPORTS,SUPPORTS,SUPPORTS,SUPPORTS,SUPPORTS,SUPPORTS,SUPPORTS
"Birmingham is a township. Kindly answer with ""SUPPORTS"", ""REFUTES"", or ""NOT ENOUGH INFO"".",['NOT ENOUGH INFO'],REFUTES,REFUTES,NOT ENOUGH INFO,SUPPORTS,SUPPORTS,REFUTES,REFUTES,REFUTES
"Doxycycline may cause cramps. Kindly answer with ""SUPPORTS"", ""REFUTES"", or ""NOT ENOUGH INFO"".",['NOT ENOUGH INFO'],SUPPORTS,SUPPORTS,SUPPORTS,SUPPORTS,NOT ENOUGH INFO,SUPPORTS,SUPPORTS,NOT ENOUGH INFO
"Sarah Hyland is Canadian. Kindly answer with ""SUPPORTS"", ""REFUTES"", or ""NOT ENOUGH INFO"".",['NOT ENOUGH INFO'],REFUTES,REFUTES,REFUTES,REFUTES,REFUTES,REFUTES,REFUTES,REFUTES
"Quay premiered in 2017. Kindly answer with ""SUPPORTS"", ""REFUTES"", or ""NOT ENOUGH INFO"".",['REFUTES'],NOT ENOUGH INFO,REFUTES,REFUTES,SUPPORTS,NOT ENOUGH INFO,REFUTES,REFUTES,REFUTES
"Skopje was a village. Kindly answer with ""SUPPORTS"", ""REFUTES"", or ""NOT ENOUGH INFO"".",['NOT ENOUGH INFO'],REFUTES,REFUTES,REFUTES,SUPPORTS,SUPPORTS,REFUTES,SUPPORTS,REFUTES
"Scandal is from Seattle. Kindly answer with ""SUPPORTS"", ""REFUTES"", or ""NOT ENOUGH INFO"".",['NOT ENOUGH INFO'],REFUTES,REFUTES,NOT ENOUGH INFO,REFUTES,NOT ENOUGH INFO,SUPPORTS,SUPPORTS,NOT ENOUGH INFO
"Milk is a biopic. Kindly answer with ""SUPPORTS"", ""REFUTES"", or ""NOT ENOUGH INFO"".",['NOT ENOUGH INFO'],,SUPPORTS,SUPPORTS,NOT ENOUGH INFO,NOT ENOUGH INFO,SUPPORTS,SUPPORTS,SUPPORTS
"James Brolin is French. Kindly answer with ""SUPPORTS"", ""REFUTES"", or ""NOT ENOUGH INFO"".",['NOT ENOUGH INFO'],NOT ENOUGH INFO,REFUTES,REFUTES,REFUTES,REFUTES,REFUTES,REFUTES,REFUTES
"Solanum excludes the nightshades. Kindly answer with ""SUPPORTS"", ""REFUTES"", or ""NOT ENOUGH INFO"".",['REFUTES'],REFUTES,REFUTES,REFUTES,REFUTES,SUPPORTS,SUPPORTS,REFUTES,REFUTES
"MS-13 is a thing. Kindly answer with ""SUPPORTS"", ""REFUTES"", or ""NOT ENOUGH INFO"".",['SUPPORTS'],SUPPORTS,SUPPORTS,SUPPORTS,SUPPORTS,SUPPORTS,SUPPORTS,SUPPORTS,SUPPORTS
"Physics is a discipline. Kindly answer with ""SUPPORTS"", ""REFUTES"", or ""NOT ENOUGH INFO"".",['SUPPORTS'],SUPPORTS,SUPPORTS,SUPPORTS,SUPPORTS,SUPPORTS,SUPPORTS,SUPPORTS,SUPPORTS
"Birmingham is in Germany. Kindly answer with ""SUPPORTS"", ""REFUTES"", or ""NOT ENOUGH INFO"".",['REFUTES'],REFUTES,REFUTES,REFUTES,REFUTES,REFUTES,REFUTES,REFUTES,REFUTES
"Physics has subfields. Kindly answer with ""SUPPORTS"", ""REFUTES"", or ""NOT ENOUGH INFO"".",['NOT ENOUGH INFO'],SUPPORTS,SUPPORTS,SUPPORTS,SUPPORTS,SUPPORTS,SUPPORTS,SUPPORTS,SUPPORTS
"Acetylcholine induces neuromodulation. Kindly answer with ""SUPPORTS"", ""REFUTES"", or ""NOT ENOUGH INFO"".",['SUPPORTS'],SUPPORTS,SUPPORTS,SUPPORTS,SUPPORTS,SUPPORTS,SUPPORTS,SUPPORTS,SUPPORTS
"Dopamine induces neuromodulation. Kindly answer with ""SUPPORTS"", ""REFUTES"", or ""NOT ENOUGH INFO"".",['SUPPORTS'],NOT ENOUGH INFO,SUPPORTS,SUPPORTS,SUPPORTS,SUPPORTS,SUPPORTS,SUPPORTS,SUPPORTS
"Grease had bad reviews. Kindly answer with ""SUPPORTS"", ""REFUTES"", or ""NOT ENOUGH INFO"".",['NOT ENOUGH INFO'],REFUTES,SUPPORTS,SUPPORTS,REFUTES,NOT ENOUGH INFO,NOT ENOUGH INFO,NOT ENOUGH INFO,NOT ENOUGH INFO
"Granite is a solid. Kindly answer with ""SUPPORTS"", ""REFUTES"", or ""NOT ENOUGH INFO"".",['SUPPORTS'],,SUPPORTS,SUPPORTS,SUPPORTS,SUPPORTS,SUPPORTS,SUPPORTS,SUPPORTS
"Gotham premiered on USA. Kindly answer with ""SUPPORTS"", ""REFUTES"", or ""NOT ENOUGH INFO"".",['SUPPORTS'],REFUTES,REFUTES,SUPPORTS,REFUTES,REFUTES,REFUTES,REFUTES,REFUTES
"Scandinavia includes Greenland. Kindly answer with ""SUPPORTS"", ""REFUTES"", or ""NOT ENOUGH INFO"".",['REFUTES'],,SUPPORTS,SUPPORTS,REFUTES,REFUTES,SUPPORTS,SUPPORTS,SUPPORTS
"Acetylcholine prevents neuromodulation. Kindly answer with ""SUPPORTS"", ""REFUTES"", or ""NOT ENOUGH INFO"".",['REFUTES'],NOT ENOUGH INFO,REFUTES,REFUTES,REFUTES,SUPPORTS,REFUTES,REFUTES,REFUTES
"Milk is a film. Kindly answer with ""SUPPORTS"", ""REFUTES"", or ""NOT ENOUGH INFO"".",['SUPPORTS'],REFUTES,SUPPORTS,SUPPORTS,REFUTES,NOT ENOUGH INFO,SUPPORTS,SUPPORTS,SUPPORTS
"The Punisher stars Americans. Kindly answer with ""SUPPORTS"", ""REFUTES"", or ""NOT ENOUGH INFO"".",['REFUTES'],REFUTES,SUPPORTS,SUPPORTS,SUPPORTS,SUPPORTS,SUPPORTS,SUPPORTS,SUPPORTS
"Japan is in Asia. Kindly answer with ""SUPPORTS"", ""REFUTES"", or ""NOT ENOUGH INFO"".",['SUPPORTS'],,SUPPORTS,SUPPORTS,SUPPORTS,SUPPORTS,SUPPORTS,SUPPORTS,SUPPORTS
"Chris Benoit is immortal. Kindly answer with ""SUPPORTS"", ""REFUTES"", or ""NOT ENOUGH INFO"".",['REFUTES'],REFUTES,REFUTES,REFUTES,REFUTES,REFUTES,REFUTES,REFUTES,REFUTES
EM,,0.5266666666666666,0.64,0.7133333333333334,0.64,0.66,0.5866666666666667,0.6133333333333333,0.6266666666666667
elapsed time,,2.4175425799687704,533.153975669543,355.12232866128284,0.6145464213689168,8.370923693974813,6.992057248751323,26.847493081092836,22.023148131370544
