Question,Answer,Conversation#,Turn#,Context,Question Length
when did the dutch go to south africa,The Dutch settlement history in South Africa began in March 1647 with the shipwreck of the Dutch ship Nieuwe Haarlem.,9723,1,[],8
at how many volts is electric power generated,"Most electricity is generated at 13,200 to 24,000 volts.",8241,2,"['what is electric power generation transmission and distribution', 'There are three stages of electric power supply; generation, transmission and distribution. Each of these stages involves distinct production processes, work activities and hazards.']",8
Did Oingo Boingo do any music videos?,The music video for Weird Science features Oingo Boingo performing in an abstract laboratory.,32,5,"['Did Oingo Boingo release any albums?', 'Oingo Boing also released the albums Only a Lad, Nothing to Fear, and Good for Your Soul.', 'Did Oingo Boingo have any hit songs?', ""Oingo Boingo appeared on the movie Back to School in 1986, performing their hit single Dead Man's Party."", 'Where Oingo Boingo influenced by anyone?', 'As a rock band, Oingo Boingo started as a ska and punk-influenced new wave octet, achieving significant popularity in Southern California.', 'Did Oingo Boingo do any live performances?', 'Oingo Boingo continued to regularly perform live, most notably with annual Halloween concerts at Irvine Meadows and the Universal Amphitheatre.']",8
what are the largest ethnic groups in New York City?,"The largest ethnic groups as of the 2005 census estimates are: African American, African or Caribbean, Puerto Ricans, Italians, West Indians, Dominicans, Chinese, Irish, Russian, and German.",7997,5,"['what percent of the us population lives in new york city?', '2.6%  of the US population lives in New York City', 'how many people live in New York City?', 'an estimated 8,491,079 people living in the city', 'how many people living in New York City are foreign born?', ""About 36% of the city's population is foreign-born"", 'from what countries do foreign born people living in New York City come from?', 'The nations constituting the largest sources of immigration are the Dominican Republic, China, Jamaica, Guyana, Mexico, Ecuador, Brazil, Haiti, Trinidad and Tobago, Colombia, Russia and El Salvador.']",11
"who did the Milwaukee Bucks play on February 6, 2019",The Milwaukee Bucks played the Washington Wizards.,9112,3,"['how many nba teams have scored 50 points in one quarter', '22 NBA teams have scored 50 points or more in a quarter.', 'when was the most recent occurence of an NBA team scoring 50 or more points in a quarter', 'The Milwaukee Bucks scored fifty points in the first quarter on February 6, 2019.']",11
What was Sven Hedin's political stance?,Sven Hedin was a monarchist.,4968,1,[],8
when did abby lockhart become a series regular in er,Abby Lockhart became a regular character in February 2000 as a third-year medical student beginning her ER rotation.,9488,4,"['what episode of er does carol have her babies', 'Great Expectations is the eighth episode of the sixth season of ER. It has Carol Hathaway going into labor complications while on an El train on Thanksgiving.', 'when did the er episode great expectations air', 'The ER episode Great Expectations first aired on NBC on November 25, 1999.', 'what character was introduced in the er episode great expectations', 'The ER episode Great Expectations is also the first appearance of Maura Tierney as O.B. nurse Abby Lockhart as she helps Carol on her delivery.']",10
Who created the show Only Fools and Horses,Only Fools and Horses was created by John Sullivan.,9580,3,"[""who played cassandra's mum in only fools and horses"", ""Wanda Ventham is an English actress, known primarily for her recurring role as Cassandra Trotter's mother Pamela Parry in the sitcom Only Fools and Horses between 1989 and 1992."", 'How long did Only Fools and Horses run', 'Seven series were originally broadcast on BBC One in the United Kingdom from 1981 to 1991, with sixteen sporadic Christmas specials aired until the end of the show in 2003.']",8
what did leo do as a whitelighter in Charmed,Leo was a guardian angel to the three sisters as they grew in their power.,8802,3,"['when does leo come out as a whitelighter', 'Leo comes out as Whitelighter in the Charmed  episode Blinded by the Whitelighter.', 'what is a whitelighter', 'A whitelighter is a guardian angel and mentor in all things magical']",9
What was the show Dads produced by Seth MacFarlane about?,"The series, revolves around Eli and Warner, two successful guys in their 30s whose world is turned upside down when their dads move in with them.",2545,5,"['What tv shows did Seth MacFarlane produce?', 'MacFarlane served as executive producer of the Neil deGrasse Tyson-hosted Cosmos: A Spacetime Odyssey, an update of the 1980s Cosmos series hosted by Carl Sagan.', 'What was the show Cosmos: A Spacetime Odyssey produced by Seth MacFarlane about?', 'This series was developed to bring back the foundation of science to network television at the height of other scientific-based television series and films.', 'Was Cosmos: A Spacetime Odyssey produced by Seth MacFarlane a successful show?', ""The miniseries won the 4th Critics' Choice Television Award for Best Reality Series, with Tyson awarded for Best Reality Host. The miniseries was also nominated 12 Emmy Awards."", 'Was there another show besides Cosmos: A Spacetime Odyssey produced by MacFarlane?', 'In 2013 and 2014, MacFarlane produced one season of a live-action sitcom called Dads.']",11
What other issues have pressured the Amish besides taxation from modern life?,The Amish have also felt pressured by issues of education from the modern life.,7069,3,"['What has modern life done to the Amish?', 'As time has passed, the Amish have felt pressures from the modern world.', 'What pressures have the Amish felt from the modern world?', 'The Amish have felt pressured by issues such as taxation from modern life.']",13
where did Glenda Jackson attend school?,Jackson was educated at the West Kirby County Grammar School for Girls,2987,2,"['where was Glenda Jackson born?', 'Jackson was born in Birkenhead on the Wirral, Cheshire']",7
does little nightmares six edition come with dlc,"The Six Edition of Little Nightmares comes with the game, a small statue of the character Six, the game's soundtrack, poster, and sticker sheet but DLC is not included.",10148,1,[],8
When was Anberlin's album Vital released?,"Vital was released on October 16, 2012.",5545,2,"[""What is Anberlin's Vital?"", 'Vital is the sixth studio album by American alternative rock band Anberlin.']",8
Where were Johnny Cash and Vivian Liberto married?,Johnny Cash and Vivian Liberto were married at St. Ann's Roman Catholic Church in San Antonio.,4748,7,"[""Who was Johnny Cash's first wife?"", ""Johnny Cash's first wife was Vivian Liberto."", 'Where did Johnny Cash and his first wife, Vivian Liberto meet?', 'Johnny Cash met 17-year-old Italian-American Vivian Liberto at a roller skating rink in her native San Antonio', 'Where did Johnny Cash and Vivian Liberto meet?', 'Johnny Cash met 17-year-old Italian-American Vivian Liberto at a roller skating rink in her native San Antonio', ""What happened before Johnny Cash's and Vivian Liberto's marriage?"", 'Before marrying Vivian Liberto, Johnny Cash was deployed to Germany for a three-year tour.', 'How did Johnny Cash and Vivian Liberto stay in contact while Cash was deployed in Germany?', ""During Johnny Cash's deployment, the couple exchanged hundreds of pages of love letters."", ""What happened between Johnny Cash and Vivian Liberto after Cash's discharge?"", ""On August 7, 1954, one month after Johnny Cash's discharge, Cash and Vivian Liberto were married at St. Ann's Roman Catholic Church""]",9
What makes Dion Dublin a legend in Coventry City Football Club?,Dion Dublin equalled the Coventry City record for most goals in a top division season with 23 goals in all competitions.,360,2,"['Where is Coventry City Football Club?', 'Coventry City Football Club is a professional football club based in Coventry, West Midlands, England']",12
why are the philadelphia eagles called the eagles,"Bert Bell and Lud Wray named the team the Eagles in honor of the symbol of the National Recovery Act, which was part of President Franklin D. Roosevelt’s New Deal.",9201,2,"['when did the philadelphia eagles start playing football', 'The Eagles have been a Philadelphia institution since their beginning in 1933.']",8
who plays violet in charlie and the chocolate factory,Denise Nickerson started her career as a child actress playing bratty bubblegum-chewing Violet Beauregarde in the 1971 film Willy Wonka and the Chocolate Factory.,10147,1,[],9
Did Oingo Boingo release any albums during this period?,The first release with the new line-up was Dead Man's Party in 1985.,31,8,"['What were the MCA years?', 'MCA years were the time Oingo Boingo was signed to MCA Records.', 'What switches did Oingo Boingo make?', 'Mike Gormley, who had just left the position of VP of Publicity and Asst. to the Chairman of A&M, negotiated a release from the label and signed to MCA Records.', 'Did Oingo Boingo release any songs between 1985 to 1990?', ""Oingo Boingo released three albums from 1985 to 1990: Dead Man's Party, Boi-ngo, and Dark at the End of the Tunnel."", 'What was Weird Science about?', 'Weird Science is a song by Oingo Boingo. Written by frontman Danny Elfman, it is the theme song to the Weird Science film and television series.', 'When was Weird Science written?', ""Weird Science was released on the film's soundtrack, as well as Oingo Boingo's 1985 album, Dead Man's Party, as a longer mix."", 'Did Oingo Boingo release any more sound tracks?', ""Oingo Boingo appeared on a number of movie soundtracks, including an appearance in the movie Back to School in 1986, performing their hit single Dead Man's Party."", 'Which label did Oingo Boingo use to release their music?', 'Oingo Boingo used MCA Records for the most part to release their music.']",10
Where was George Steiner born?,"George Steiner was born in Neuilly-sur-Seine, France.",498,2,"['When was George Steiner born?', 'George Steiner was born on April 23, 1929.']",6
Who plays Shelby's mother in the movie Steel Magnolias,"Sally Field plays M'Lynn Eatenton, Shelby's mother, in the movie Steel Magnolias.",7401,2,"['why did julia roberts die in steel magnolias', ""Shelby, Julia Robert's character in Steel Magnolias, contracts an infection in her central nervous system and the family decides to take her out of life support.""]",10
Did Nikos Galis end his career in Greece?,"His last game in professional basketball, was as a player of Panathinaikos, in a game against AO Dafni, on October 12, 1994.",2010,11,"['What team did Nikos Galis play for in Greece?', 'After suffering an ankle injury in the Boston Celtics 1979–80 preseason training camp, which prevented him from receiving a contract, Galis signed to play with Aris of Thessaloniki, Greece', 'What position did Nikos Galis play for Aris of Thessaloniki?', 'Position. Shooting guard', 'Was Nikos Galis successful on Aris of Thessaloniki?', ""Galis won 8 Greek League championships, 6 Greek Cups, 3 consecutive appearances at the FIBA European Champions' Cup (now called EuroLeague) Final Four"", 'Did Nikos Galis win the world championship with Aris of Thessaloniki?', ""all three of the FIBA European Champions' Cup Final Four appearances ended in defeat in the semifinals, depriving Galis the opportunity to shine on Europe's biggest club stage"", 'Did Nikos Galis play for any other teams in Greece besides Aris of Thessaloniki?', 'Panathinaikos Athens', 'What other victories did Nikos Galis have while playing in Greece with Panathinaikos Athens?', 'In that season (1992–93), Panathinaikos finished second in the Greek league, and won the Greek Cup, which was the seventh Greek Cup title for Galis.', 'Who did Panathinaikos Athens with Nikos Galis win against for the gold medal?', 'Galis next led the Greek national team to the EuroBasket 1987 gold medal in the final against the Soviet Union national basketball team', 'Did Nikos Galis win any awards while playing in Greece?', 'he was named the MVP of the EuroBasket 1987', 'Which tournament was Nikos Galis named MVP?', 'EuroBasket 1987', 'Why was Nikos Galis named MVP of EuroBasket 1987?', 'Averaging 37.0 points per game during the tournament, he was named the MVP of the tournament']",9
What happened for Merzbow in the year 2009?,"Beginning in November 2009, Merzbow started releasing archival material from the 1980s and 1990s, both reissues and previously unreleased material, several of which were released on cassette.",7032,5,"['Can you name an album that Merzbow released in that period from 2009 to present ?', 'In 2009, Masami Akita produced the albums Camouflage, Somei..., Suzume: 13 Japanese Birds Pt. 1, and many more.', 'How was the album Gensho received by critics?', 'AllMusic critic Thom Jurek wrote: Creatively, Gensho is so rich and expansive, fans of both acts should find it indispensable.“']",9
who is the current fifa world cup champion,The reigning World Cup champions are France.,9414,5,"['where is the world cup going to be played', 'The 2022 FIFA World Cup is scheduled to take place in Qatar in 2022.', 'is qatar hosting the fifa world cup for the first time', '2022 will be the first FIFA World Cup ever to be held in the Arab world and the first in a Muslim-majority country.', 'is the qatar 2022 fifa world cup the first time in asia', 'This FIFA World Cup will be the second World Cup held entirely in Asia after the 2002 tournament in South Korea and Japan.', 'how many teams are involved for the 2022 fifa world cup', 'In addition, the tournament will be the last to involve 32 teams, with an increase to 48 teams scheduled for the 2026 tournament in the United States.']",8
What is Brimstone to the Police?,"In 1982, Sting furthered his acting career by co-starring in the Richard Loncraine film Brimstone and Treacle.",2971,8,"['What was ghost in the machine for The Police?', ""The Police's fourth album, Ghost in the Machine, co-produced by Hugh Padgham, was recorded at Air Studios on the Caribbean island of Montserrat"", 'How did the album, Ghost in the Machine, by the Police sound?', ""The Police's fourth album, Ghost in the Machine, featured thicker sounds, layered saxophones, and vocal textures."", ""What singles were released from The Police's fourth album, Ghost in the Machine?"", ""The Police's fourth album, Ghost in the Machine, spawned the hit singles Every Little Thing She Does Is Magic, UK No. 1, Invisible Sun, and Spirits in the Material World."", 'Did Every Little Thing She Does Is Magic by The Police get on the charts?', ""The hit single off of the album, Ghost in the Machine, Every Little Thing She Does Is Magic, was The Police's fourth UK No. 1"", ""Were there other hits off of The Police's fourth album, Ghost in the Machine, besides Every Little Thing She Does Is Magic?"", 'Invisible Sun is a song by rock group The Police. It was the first single from the album Ghost in the Machine; it reached No. 2 on the official chart.', 'Did The Police follow Invisible Sun up with another hit?', 'Spirits in the Material World a single by The Police, was released as a single in 1981 and reached No. 12 in the UK and No. 11 in the US', 'Did The Police win any awards for their fourth album, Ghost in the Machine?', 'At the 1982 Brit Awards in London, the Police received the award for Best British Group.']",7
was the movie man on the moon successful,The film Man on the Moon was unsuccessful commercially and received mixed reviews.,8511,3,"['who plays tony clifton at the end of man on the moon', 'Jim Carrey plays Andy Kaufman / Tony Clifton in Man on the Moon.', 'who directed the film man on the moon', 'The film Man on the Moon was directed by Miloš Forman.']",8
Did Fred Hampton's family move to Chicago as well?,Yes,5838,6,"['When did Fred Hampton first go to Chicago?', '1967', 'What party did Fred Hampton join?', 'Black Panther Party', 'Was the nonaggression pack honored?', 'Yes', 'What part of Chicago did Fred Hampton live in?', 'Maywood']",11
when does some assembly required season 3 come out,"Season 3 of Some Assembly Required aired from March 14, 2016-June 6, 2016.",10357,1,[],9
Who did the Florida Panthers bolster their lineup with?,"Florida Panthers signed both Nieuwendyk and Roberts, who had played together in Calgary and Toronto and wanted to finish their careers together, to two-year, $4.5 million contracts",4270,6,"[""What happened during Nieuwendyk's time in New Jersey?"", 'New Jersey, who had won the Stanley Cup in 2000 and reached the finals the following year, acquired Nieuwendyk for their playoff run in 2002.', ""What happened during Nieuwendy's time in toronto?"", 'The Toronto Maple Leafs signed Nieuwendyk to a one-year contract for the 2003–04 season.', 'How did Nieuwendyk perform for the 2003-04 season?', 'Nieuwendyk scored 22 goals for Toronto in a season marred by abdominal and back injuries that limited him to 64 games played', 'Did the Toronto Maple Leafs win the 2003-04 Stanley cup?', ""A groin injury forced Nieuwendyk out of the lineup for much of Toronto's second-round series loss to the Philadelphia Flyers"", ""What happened during Nieuwendyk's time in florida?"", 'When NHL play resumed in 2005–06, the Florida Panthers sought to bolster their lineup with veteran players like Joe Nieuwendyk.']",10
How many years was Maradona a team manager?,Since 1994,2564,4,"['Who did Diego Maradona manage?', 'Mandiyú de Corrientes, Racing Club, Argentina, etc.', 'How long was Maradona the team coach for Argentina?', '2008–2010', 'How many wins did Maradona have with Argentina?', '18']",9
"What band was Billy Corgan in in St. Petersburg, Florida?","Not finding the Chicago music scene to his liking, Billy Corgan moved from Chicago to St. Petersburg, Florida in 1985 with his first major band, The Marked.",1258,6,"['Where did Billy Corgan grow up?', ""Billy Corgan was born in Chicago's Lincoln Park neighborhood. After his father, William Corgan Sr. remarried, Corgan and his brother went to live with them in Glendale Heights, Illinois."", 'Where did Billy Corgan attend school?', 'Billy Corgan attended Glenbard North High School in Carol Stream, Illinois.', 'Did Billy Corgan attend college or did he just go out to start a career in music?', 'Despite grant and scholarship offers from a number of schools, and a tuition fund left by his grandmother, Billy Corgan decided to pursue music full-time.', 'Was Billy Corgan the only child or did he have siblings?', 'Billy Corgan parents had one more son, Ricky.', 'When Billy Corgan was set to do music full time what was his first step?', 'Not finding the Chicago music scene to his liking, Billy Corgan moved from Chicago to St. Petersburg, Florida in 1985 with his first major band, The Marked.']",12
When did concerts start in the Royal Hospital Kilmainham,"The Royal Hospital Kilmainham opened in 1985 as the National Centre for Culture and the Arts, and today is a venue for concerts of classical music.",10780,5,"['what is the capacity of royal hospital kilmainham', 'The capacity of royal hospital kilmainham, a musical venue for concerts and it has a capacity of c.150, and the Great Hall which has a capacity for up to 450.', 'What is the name of the founder of the Royal Hospital Kilmainham', 'The Royal Hospital Kilmainham was Founded by James Butler, Duke of Ormonde and Viceroy to King Charles II.', 'What year was the Royal Hospital Kilmainham founded.', 'The Royal Hospital Kilmainham was designed by the architect William Robinson. The construction work began in 1680 and the hospital was completed in 1684.', 'Was the Royal Hospital Kilmainham used as a hospital', 'The Royal Hospital Kilmainham was a retirement home for veteran soldiers. Music was a prominent feature of the pensioner’s social lives. Recitals and balls took place in the Great Hall.']",9
Doesn't Rob Schneider have a catchphrase?,"The comedic characters Rob Schneider plays in early Adam Sandler films include an overly enthusiastic Cajun man who proclaims the catch-phrase, You can do it!“",10136,3,"['who is the minister in i now pronounce you chuck and larry', 'Rob Schneider had an uncredited cameo as a Canadian-Japanese wedding-chapel minister in the 2007 Sandler-Kevin James comedy I Now Pronounce You Chuck and Larry.', 'What films has Rob Schneider been in besides I Now Pronounce You Chuck and Larry?', 'After leaving SNL, Rob Schneider played supporting roles in a series of movies including Surf Ninjas, Judge Dredd, The Beverly Hillbillies, Demolition Man, and Down Periscope.']",8
what did the magna carta do,"The Magna Carta established the principle that everyone is subject to the law and guarantees the rights of individuals, the right to justice and the right to a fair trial.",10574,4,"['what is the meaning of ayes and noes', ""In the UK Parliament when MPs vote on an issue they leave the House of Commons chamber and divide into separate division lobbies for 'ayes' and 'noes'."", ""where is the uk parliament's house of commons chamber"", 'Like the House of Lords, the House of Commons meets in the Palace of Westminster.', ""when was the uk's parliament established"", 'The first English Parliament was convened in 1215, with the creation and signing of the Magna Carta.']",6
what kind of show is the series poldark,Poldark is a historical fiction television series.,8514,2,"['who played ross poldark in the original tv series', 'Anthony Robin Ellis (born 8 January 1942) is an English actor best known for his role as Captain Ross Poldark in 29 episodes of the BBC classic series Poldark.']",8
What was special about the opening segment Dwayne Johnson appeared in for WrestleMania XXX?,The Rock made a surprise appearance to confront Rusev and Lana,5792,3,"['What happened in 2014 regarding Dwayne Johnson?', 'In April 2014, The Rock appeared in the opening segment of WrestleMania XXX along with Stone Cold Steve Austin and Hulk Hogan.', 'Who did Dwayne Johnson fight at WrestleMania XXX?', 'Rusev and Lana']",15
What happened in 2014 regarding Dwayne Johnson?,"In April 2014, The Rock appeared in the opening segment of WrestleMania XXX along with Stone Cold Steve Austin and Hulk Hogan.",5792,1,[],8
when did printing press operations in India in the mid 16th century?,1556,8030,3,"['who brought the printing press for the first time to india in the mid 16th century?', 'Portuguese Missionaries brought the printing press to India in the mid 16th century.', 'where in India was the printing press first brought for the first time to India in the mid 16th century?', 'Goa']",13
what is the most recent fast and furious movie that has been released,"The Fate of the Furious opens a new chapter in the franchise, fueled by the same infectious cast chemistry and over-the-top action fans have come to expect.",7648,2,"['when did dwayne johnson join fast and furious', 'in 2010 Looking to inject some fresh blood into the franchise, and, on the recommendation of some randoms on Facebook, Diesel hired Johnson to play in Fast and Furious.']",13
In what country did the phrase Great Scott originate,"Winfield Scott the commander of American armies in the Mexican War, and Union general-in-chief at the beginning of the Civil War, is likely the source of “Great Scott!”",10814,3,"['Where did the phrase Great Scott come from', 'It is frequently assumed that Great Scott! is a minced oath of some sort, Scott replacing God.', 'What is the meaning of the phrase  Great Scott“', 'Great Scott! is an interjection of surprise, amazement, or dismay, an inoffensive exclamation, popular in the second half of the 19th century and early 20th century, and now considered dated.']",9
Who won the America's Cup 2017,"The challenger, Emirates Team New Zealand, won by a score of 7 to 1 over the defender, Oracle Team USA.",10768,1,[],7
And how was Edmund Hillary's married life with Louise Mary Rose?,Edmund Hillary admitted he was terrified of proposing to her and relied on her mother to propose on his behalf.,5855,2,"[""What was Edmund Hillary's personal life like?"", 'Edmund Hillary married Louise Mary Rose on 3 September 1953, soon after the ascent of Everest']",13
why are mars's moons small and irregularly shaped,Mars's moons may be captured asteroids.,9828,4,"['earth is what number planet from the sun', 'Earth is the third planet from the Sun.', 'what is the fourth planet from the sun', 'Mars is the fourth planet from the sun.', 'does mars have moons', 'Mars has two moons, Phobos and Deimos, which are small and irregularly shaped.']",9
What album was Queen's You're My Best Friend on?,You're My Best Friend was first included on the 1975 album A Night at the Opera.,10389,5,"[""what movie was you're my best friend by queen in"", ""You're My Best Friend was used in several films such as I Now Pronounce You Chuck and Larry, Shaun of the Dead, Peter's Friends and The Secret Life of Pets."", ""When was the Queen song You're My Best Friend played in I Now Pronounce You Chuck and Larry?"", ""You're My Best Friend was used in the end credits of I Now Pronounce You Chuck and Larry."", ""Did the Queen song You're My Best Friend chart?"", ""The Queen song You're My Best Friend reached number seven in the UK Singles Chart and number 16 on the US Billboard Hot 100."", ""How many copies of Queen's You're My Best Friend were sold?"", ""You're My Best Friend was certified platinum by the Recording Industry Association of America in the US with over one million copies sold.""]",12
why was the speedwell ship built,"Speedwell was built in 1577, under the name Swiftsure, as part of English preparations for war against Spain.",10011,3,"['explain the story of the speedwell and what happened to it', 'Speedwell was a 60-ton pinnace that transported the Pilgrims to Cape Cod Bay.', 'when was the speedwell ship launched', 'The Speedwell launched in 1577.']",6
Was Poirot a character in one of Agatha Christie's books?,"Poirot is one of Agatha Christie's most famous and long-running characters, appearing in 33 novels, one play, and more than 50 short stories published between 1920 and 1975.",2918,4,"[""What were some of Agatha Christie's first novels?"", 'Agatha Christie wrote her detective novel, The Mysterious Affair at Styles, featuring Hercule Poirot, a former Belgian police officer noted for his twirly large magnificent moustaches and egg-shaped head.', 'Was The Mysterious Affair at Styles by Agatha Christie successful?', 'This first mystery novel by Agatha Christie was well received by reviewers.', 'Who is Hercule Poirot?', ""Hercule Poirot is a fictional Belgian detective, created by Agatha Christie. Poirot is one of Christie's most famous and long-running characters.""]",12
Which notable people had expressed the effect of Jane Roberts's Seth Material upon their own awakening?,"Marianne Williamson, Deepak Chopra, Shakti Gawain, Dan Millman, Louise Hay, Richard Bach, and others express the effect the Seth Material had upon their own awakening",558,2,"[""When was Jane Roberts's The Nature of Personal Reality, A seth book published?"", ""Jane Robert's The Nature of Personal Reality was published in 1974; reprinted in 1994.""]",18
What was the song '39 inspired by?,"'39 tells the tale of space explorers who embark on what is, from their perspective, a year-long voyage. Upon their return, they realize a hundred years have passed.",5601,3,"[""What was the song '39 from the album A Night at the Opera?"", ""'39 is a song by British rock band Queen. Composed by lead guitarist Brian May, it is the fifth track on their fourth studio album A Night at the Opera."", ""Did the song '39 win any awards?"", ""'39 was a live favourite throughout the 1970s, often being used as a singalong in concert.""]",8
What songs did The Undertones perform at the Casbah?,"By mid-year, the concerts the Undertones performed would include the song Teenage Kicks, which had been written by guitarist John O'Neill in mid-1977.",7272,2,"['What was Casbah Rock with The Undertones?', 'By 1977 the band were performing their own three-chord pop punk material, which was performed alongside cover versions at concerts, primarily at the Casbah']",10
What was Uhuru Kenyatta's role in the 2013 Presidential Elections?,"Uhuru Kenyatta's party, The National Alliance joined William Ruto's United Republican Party, Najib Balala's Republican Congress Party and Charity Ngilu's National Rainbow Coalition party to form the Jubilee Alliance.",5316,1,[],12
how is the weather at lake pactola today,Lake Pactola is 38 degrees F and partly cloudy.,8861,4,"['what kind of fish are in pactola lake', 'There are rainbow trout in Pactola Lake.', 'where is lake pactola', 'Lake Pactola is located in Pennington County, South Dakota.', 'how for is lake pactola from san jose, ca', 'Lake Pactola is 1400 miles from San Jose, CA.']",8
What is the relation between Roger Clemens and the Boston Red Sox?,"Roger Clemens recorded 192 wins for the Red Sox and is their all-time strikeout leader with 2,590",5247,1,[],13
is the whole litter of cats black,Melanistic and non-melanistic animals can be littermates.,10349,3,"['what is the length of a black panther', 'Black leopards range from three to seven feet in length. Black jaguars range from 5.6 to 7.9 feet.', 'what causes the black panther to be black', 'Melanism in the jaguar is conferred by a dominant allele, and in the leopard by a recessive allele.']",7
Who accused Chris Hedges of plagiarism first?,Theodore Ross discovered that sections of Chris Hedges’s draft appeared to have been lifted directly from the work of a Philadelphia Inquirer reporter named Matt Katz.,7214,1,[],8
How long did Rubin Carter actually spend in prison?,Rubin Hurricane Carter was an American-Canadian boxer who was wrongfully convicted of murder and later released following a petition of habeas corpus after serving almost 20 years in prison.,57,7,"['What was Rubin Carter convicted of the first time?', 'In 1966, police arrested Rubin Carter and friend John Artis for a triple homicide committed at the Lafayette Bar and Grill in Paterson, New Jersey.', 'Was Rubin Carter guilty of the first conviction?', ""The evidence surrounding the case was lacking and the witnesses couldn't keep their story straight. It was unclear whether Rubin Carter did the crime or not."", 'How long did Rubin Carter spend in prison?', 'Rubin Hurricane Carter was an American-Canadian boxer who was wrongfully convicted of murder and later released following a petition of habeas corpus after serving almost 20 years in prison.', 'What date did Rubin Carter get out of prison?', 'Rubin Carter, 48 years old, was freed without bail in November 1985.', 'Did Rubin Carter get into any trouble in prison?', 'Rubin Hurricane Carter was an American-Canadian boxer who was wrongfully convicted of murder and later released following a petition of habeas corpus after serving almost 20 years in prison.', ""What was Rubin Carter's first conviction ?"", 'In 1966, police arrested Rubin Carter and friend John Artis for a triple homicide committed at the Lafayette Bar and Grill in Paterson, New Jersey.']",10
what kind of pepper is the carolina reaper,The Carolina Reaper is said to be a cross between Sweet Habanero and Naga Viper chillies.,8831,2,"['where are the hottest peppers in the world grown', 'Grown by a producer in South Carolina, the Carolina Reaper was named as the hottest pepper on Earth by Guinness World Records in the year 2013.']",8
Who promised Tommy Lawton this?,Tommy Lawton was promised a job outside of football upon his retirement by vice-chairman Harold Walmsley.,1547,5,"['Who sold Tommy Lawton?', 'In November 1945, Everton sold Tommy Lawton to Chelsea for a fee of £14,000.', 'Who did Tommy Lawton want to reunite with?', 'Tommy Lawton handed in a transfer request at Everton as he wanted a move to a Southern club so as to see more of his increasingly estranged wife.', 'What team did Tommy Lawton play for?', ""In Tommy Lawton's senior career, he played for Burnley, Everton, Chelsea, Notts County, Brentford, Arsenal, and Kettering Town."", 'What was Tommy Lawton promised?', 'Tommy Lawton made the surprise decision to drop down two divisions because he was promised a job outside of football upon his retirement by vice-chairman Harold Walmsley.']",6
when did general mark a. miley become chairman of the joint chiefs of staff,"General Mark A. Milley has been Chairman of the Joint Chiefs of Staff since October 1, 2019",8272,3,"['who is currently the highest ranking military officer', 'General Mark A. Milley is currently the highest ranking military officer', ""what is general mark a. milley's title"", 'General Mark A. Milley is the current Chairman of the Joint Chiefs of Staff']",14
what season was stephen curry drafted for in the 2009 nba draft,Steph Curry was selected by the Golden State Warriors for the 2009-2010 season in the 2009 NBA Draft,7783,3,"['when was stephen curry drafted to the nba', 'Steph Curry was drafted to the NBA in 2009.', 'who was stephen curry drafted by in the 2009 nba draft', 'Steph Curry was selected by the Golden State Warriors in the 2009 NBA Draft']",12
Which film did Oprah Winfrey produce?,"In October 1998, Oprah Winfrey produced and starred in the film Beloved, based on Toni Morrison's Pulitzer Prize-winning novel of the same name.",6279,1,[],7
What were the conversations between Stephen Sondheim and Frank Rich about?,"In connection with the Sondheim Celebration, Stephen Sondheim and Frank Rich of the New York Times had a conversation.",2702,2,"['Who is Frank Rich in relation to Stephen Sondheim?', 'On April 28, 2002, Stephen Sondheim and Frank Rich of the New York Times had a conversation.']",12
What was the most important work by Shandi Finnessey post pageants?,Shandi Finnessey authored an award-winning children's book.,368,9,"['How did Shandi Finnessey spend her time post pageants?', 'After completing her reign as Miss USA, Shandi Finnessey became a co-host of Lingo and PlayMania on GSN.', ""Any interesting things about Shandi Finnessey's post pageant time that the reader should know?"", 'Shandi Finnessey also has appeared in several documentaries produced by GSN.', 'Any notable acheivements by Shandi Finnessey post pageants?', 'Finnessey was on the season finale of Wanna Bet? on ABC, where she made a record for the biggest successful bet on the show betting $20,000 in the 1st best.', ""Any interesting tidbits you can share about Shandi Finnessey's appearance on Wanna Bet? on ABC?"", 'On March 19, 2007, Shandi Finnessey debuted on the fourth season of Dancing with the Stars.', ""Other achievements during Shandi Finnessey's post pageant time period besides being on the season finale of Wanna Bet? on ABC?"", 'In March 2013, Shandi Finnessey was selected as one of 36 bachelorettes to compete on the reality television show Ready For Love.', ""What info should I know about Shandi Finnessey's post-pageant period in her life?"", 'Shandi Finnessey has also appeared on the NBC reality show The Apprentice, in the November 13, 2004.', 'Was Shandi Finnessey considered a success?', 'Shandi Finnessey was named one of the Ten Outstanding Young Americans of 2006.']",12
Is calling all lovers an album?,Calling All Lovers is the fourth studio album by American R&B singer Tamar Braxton.,6535,1,[],7
when do we use pie-chart and bar graph chart model,We use Bar graphs to show numbers that are independent of each other.Pie charts are used to show you how a whole is divided into different parts.,10281,1,[],10
What did the violent paramilitary groups the white league and the red shirts do,The White League in Louisiana and the Red Shirts in Mississippi and the Carolinas assassinated and intimidated both black and white Republican leaders at election time.,7605,3,"['who were the biggest opponents to reconstruction in the U.S', 'The opponents of Reconstruction formed state political parties, affiliated with the national Democratic Party and often named the Conservative Party.', 'Who did the Conservative Party support in the opposition to reconstruction', 'The Conservative party supported or tolerated violent paramilitary groups, such as the White League in Louisiana and the Red Shirts in Mississippi and the Carolinas.']",14
"When was the original publication date for the book, The Polar Express",The Polar Express book was originally published in 1985.,8319,5,"['who played the boy in the polar express', 'Tom Hanks played the character of the Hero Boy in The Polar Express film.', 'What other characters did Tom Hanks play in The Polar Express', ""Tom Hanks played Hero Boy I, Hero Boy's father, Conductor, Hobo, Scrooge puppet, Santa Claus, and the Narrator in the film The Polar Express."", 'When was the release date for The Polar Express film', 'The Polar Express was initially released on November 7, 2004 at the Chicago International Film Festival, followed by the US release on November 10, 2004.', 'Which book was the film, The Polar Express based on', 'The film is based on the book, The Polar Express by Chris Van Allsburg.']",13
which tract in the brain is the largest?,The corpus callosum is the largest commissural tract in the human brain.,8077,3,"['what type of fibres pass through the corpus callosum', 'The corpus callosum is a wide, thick nerve tract, consisting of a flat bundle of commissural fibers.', 'what tracts do the commissural fibers make up?', 'Commissural fibers make up the corpus callosum, the anterior commissure, and the posterior commissure of the brain.']",9
John Morrison Frequently collaborated in what other than WWE and Movies?,"Hennigan is also a frequent collaborator with comic book-based film producers Bat in the Sun Productions, appearing in two episodes of their well known Super Power Beat Down series",2770,6,"['John Morrison appeared on what show in 2009?', 'On April 15, John Morrison returned to the WWE SmackDown brand as part of the 2009 Supplemental Draft.', 'When was John Randall Hennigan born?', 'John Morrison was born October 3, 1979.', 'IN 2016 John Morrison appeared on ESPN to promote what?', 'In 2016, Hennigan, Rey Mysterio, and King Cuerno appeared on ESPN to promote the second season of Lucha Underground.', 'John Morrison is best known for tenure in what sport?', 'John Randall Hennigan (born October 3, 1979) is an American professional wrestler, actor, and traceur.', ""What was John Morrison's WWE name?"", 'John Randall Hennigan  is currently signed to WWE under the ring name John Morrison.']",12
why did the winter and summer olympics split,"In 1986 IOC officials, in response to concerns over the increasing cost and logistic complications of the Olympics, voted to alter the schedule.",7911,2,"['when did the winter and summer olympics split', 'The winter and summer Olympics split in 1992.']",8
how long did michael jordan play for the chicago bulls,"Michael Jordan played with the Chicago Bulls for 14 years, from 1984 to 1998.",9679,2,"['how long did michael jordan play for the washington wizards', 'Michael Jordan played with the Washington Wizards for 2 years, from 2001 to 2003.']",10
Has Peter Cullen received any honors,"At BotCon 2010, Hasbro named Peter Cullen as one of the first four human inductees in the Transformers Hall of Fame for his role as the voice of Optimus Prime",7404,3,"['who did the voice of optimus prime in the cartoon', 'Peter Cullen is best known as the voice of Optimus Prime in the original 1980s Transformers animated series, and most other incarnations of the character.', 'Where is Peter Cullen from', 'Peter Cullen was born in Montreal, Quebec.']",6
Did Shawn Michaels make a DVD?,"In June 2011, Jim Ross, Shawn Michaels and Bret Hart announced that the three were working on a DVD chronicling the careers of Hart and Michaels.",5275,5,"['What did Shawn Michaels get in the WWE Hall of Fame for?', 'Shawn Michaels is regarded as one of the greatest professional wrestlers in history, he is known by the nicknames Heartbreak Kid and Mr. WrestleMania.', 'Did Shawn Michaels win any other awards besides the WWE Hall of Fame?', 'Shawn Michaels received praises for several matches, including 15 Match of the Year awards between Pro Wrestling Illustrated and Wrestling Observer Newsletter.', 'When did Shawn Michaels win his Match of the Year awards?', 'Shawn Michaels won Match of the Year awards in 1993, 1994, 1995, 1996, 2004, 2005, 2006, 2007, 2008, 2009, and 2010.']",7
are firearms registered in Virginia?,"With the exception of machine guns, firearms are not registered in Virginia.",10722,2,"['how old do you have to be to buy a ar 15 in virginia', 'A person must be at least 18 years of age to purchase a rifle or shotgun from a licensed firearms dealer in Virginia.']",6
what is the name of one of the band vampire weekend members?,Rostam Batmanglij,1583,8,"['what happened in 2011?', 'On November 11, 2011, it was revealed that Vampire Weekend had been in the studio, writing and recording material for their third album', 'when did Vampire Weekend release the album?', 'Modern Vampires of the City by vampire weekend was released in May 2013', 'was the album Modern Vampires of the City by vampire weekend was released in May 2013 a success?', 'the album Modern Vampires of the city by vampire weekend debuted at #1 on the Billboard chart', 'how many copies the album Modern Vampires of the city by vampire weekend debuted at #1 on the Billboard chart were sold?', 'By December 2014, the album Modern Vampires of the city by vampire weekend had sold 505,000 copies in the US', 'what other album did the band vampire weekend make besides Modern vampires of the city?', 'the albums Vampire Weekend, Contra and Father of the Bride', 'what happened in 2014 to the band Vampire weekend?', 'In 2014, Modern Vampires of the City won a Grammy for Best Alternative Music Album', 'what other award did the album modern vampires of the city win besides the grammy for best alternative music album in 2014?', 'a diamond certification from the Independent Music Companies Association']",13
When was contact lost with the Spirit rover?,"The last communication with the rover was March 22, 2010 (sol 2208)",2989,7,"['What kind of Spirit rover equipment failures were there?', 'On March 13, 2006 (sol 778), the right front wheel ceased working after having covered 4.2 mi (7 km) on Mars.', 'What did engineers do to fix the right front wheel problem on Spirit rover?', 'Engineers began driving the rover backwards, dragging the dead wheel.', 'Were engineers able to get the dead wheel working properly again on  Spirit rover?', 'The right front wheel showed slight movement in a wheel-test and clearly rotated with normal resistance on three of four wheel-tests, but stalled on the fourth.', 'Were there other problems besides the the dead wheel with equipment wear on the Spirit rover?', 'Over time, the diamond in the resin grinding surface of the Rock Abrasion Tool wore down, after that the device could only be used to brush targets.', 'Were there problems with the spirit rover gathering data?', 'On January 21, 2004 (sol 17), Spirit abruptly ceased communicating with mission control.', 'What ultimately happened to Spirit?', 'After realizing what the problem was, the engineers reformatted the entire flash memory system. On February 6, the rover was restored to its original working condition, and science activities resumed.']",9
Is Julius Caesar Watts Jr. married?,"In 1977, Watts married Frankie Jones, an African-American woman with whom he had fathered a second daughter during high school.",2239,7,"['Where was Julius Caesar Watts Jr. born?', 'Watts was born in Eufaula in McIntosh County, Oklahoma', 'When was Julius Caesar Watts Jr. born?', 'Julius Caesar Watts Jr. was born on November 18, 1957.', ""Who are Julius Caesar Watts Jr.'s parents?"", 'Watts was born to J. C. Buddy Watts Sr., and Helen Watts.', 'Where did Julius Caesar Watts Jr. attend college?', 'He graduated from high school in 1976 and attended the University of Oklahoma on a football scholarship.', 'What did Julius Caesar Watts Jr. study at the University of Oklahoma?', 'He graduated from college in 1981 with a degree in journalism', 'Did Julius Caesar Watts Jr. play sports as a youth?', 'He was the first black quarterback at Eufaula High School.']",7
"when was the song lord, i hope this day is good released","Dan Williams' version of Lord, I Hope This Day is Good was released in November 1981 and Dave Hanner's version was released in 1982",9293,4,"['who wrote the song lord i hope this day is good', 'Lord, I Hope This Day is Good is a song written by Dave Hanner', 'who recorded the song lord, i hope this is a good day', 'Lord, I Hope This Day is Good was recorded by American country music artist Don Williams.', 'in which don williams album was lord, i hope this is a good day included', ""Lord, I Hope This Day is Good was Don Williams' third single from the album Especially for You.""]",13
What years did Giuseppe Verdi's politics take place?,in the 1840s.,955,4,"['Was Giuseppe Verdi Political?', 'Verdi began in 1859 to take an active interest in Italian politics.', 'Did Giuseppe Verdi  gain fame?', 'Rigoletto, with its intended murder of royalty, upset the censors. Verdi substituted a Duke for the King, and the subsequent success of the opera fully vindicated the composer.', ""Did Giuseppe Verdi's politics involve music?"", ""The identification of Verdi's music with Italian nationalist politics perhaps began in the 1840s.""]",10
What songs were on the Scissor Sisters Magic Hour album?,Only the Horses was released as the Magic Hour album's lead single.,1677,2,"['When was Magic Hour by the Scissor Sisters released?', 'The Scissor Sisters Magic Hour album was released worldwide on May 28, 2012.']",11
What did the album No One Can Ever Know sound like?,"Andy MacFarlane describes the album's sound as sparser... with a colder, slightly militant feel, and the band received assistance from Andrew Weatherall, who helped in their experimenting with analog synthesizers.",2812,6,"['What was interesting about Forget the Night Ahead?', ""Forget the Night Ahead features a guest appearance by My Latest Novel's Laura McFarlane, who plays violin on The Room and That Birthday Present."", 'What was different about the music on Forget the Night Ahead?', 'The Twilight Sad released Forget the Night Ahead, in September 2009. They described the album as noisier and bigger and experimented with different instruments and sounds, including fire extinguishers.', ""What was the name of The Twilight Sad's second album?"", 'The Twilight Sad released their second studio album, Forget the Night Ahead, in September 2009.', 'When was Forget the Night Ahead released?', 'The Twilight Sad released their second studio album, Forget the Night Ahead, in September 2009.', 'How did No One Can Ever Know do?', 'No One Can Ever Know was met with highly positive reviews and was featured in many year-end best-of lists of music magazines.']",12
where was the first printing press established in India in the mid 16th century?,Jesuit Saint Paul's College in Old Goa,8030,4,"['who brought the printing press for the first time to india in the mid 16th century?', 'Portuguese Missionaries brought the printing press to India in the mid 16th century.', 'where in India was the printing press first brought for the first time to India in the mid 16th century?', 'Goa', 'when did printing press operations in India in the mid 16th century?', '1556']",15
What was one of Harry Hooper's career highlights with the Boston Red Sox?,"The Boston Red Sox won the 1912 World Series, during which Hooper made a catch that The Pittsburgh Press referred to as one of the finest plays in baseball history.",2314,4,"['When did Harry Hooper start playing with the Red Sox?', 'Breaking into the majors with the Red Sox in 1909, Harry Hooper played in 81 games and hit .282.', 'How long did Harry Hooper play for the Red Sox?', 'Harry Hooper was traded to the Chicago White Sox in March 1921 in exchange for Shano Collins and Nemo Leibold.', 'Was Harry Hooper in any World Series with the Red Sox?', 'Harry Hooper is one of only two members of four separate Red Sox World Series championship teams - 1912, 1915, 1916, 1918.']",15
who is the song begin again by taylor swift about,The song Begin Again by Taylor Swift is about Conor Kennedy,7781,1,[],10
where did the concept of the eternity ring come from,The concept of the diamond eternity ring was created in the 1960s by diamond merchant De Beers to avoid stockpiling of small diamonds.,9380,2,"['when do you give an eternity ring to your wife', 'An eternity ring is usually given by a spouse to their wife on the occasion of a significant anniversary, typically after 10 or more years of marriage.']",10
When did Edward Plunkett and Lady Beatrice Child Villiers marry?,They were married in 1904,5527,4,"[""What is Edward Plunkett's title?"", 'Born and raised in London, to the second-oldest title in the Irish peerage', 'How did Edward Plunkett get this title?', ""The title passed to him at his father's death at a fairly young age, in 1899, and the young Lord Dunsany returned to Dunsany Castle after war duty, in 1901."", 'Who did Edward Plunkett, 18th Baron of Dunsany marry?', 'In 1903, he met Lady Beatrice Child Villiers, youngest daughter of The 7th Earl of Jersey, who was then living at Osterley Park, and they were married in 1904']",11
what type of device is used for vagus nerve stimulation,A matchbox sized generator is implanted under the skin below the collarbone. Lead wires tunnelled up the patient's neck to the left vagus nerve's carotid sheath deliver electrical impulses.,7728,4,"['where is the vagus nerve located and what effect does stimulation of nerve have on the patient', 'The vagus nerve arises from the medulla and projects connections to other locations on the central nervous system. Vagus nerve stimulation treats drug-resistant epilepsy and treatment-resistant depression.', 'what are the side effects of vagus nerve stimulation', 'The adverse effects of vagus nerve stimulation include cardiac arrest, bradycardia, voice altercation and hoarseness, cough, shortness, a tingling sensation, nausea, headache, difficulty swallowing, and sleepiness.', 'what is the mechanism of action for vagus nerve stimulation', 'As of 2017 little was understood about exactly how vagal nerve stimulation modulates mood and seizure control.']",10
who plays mr fiers in amazing spider man,"The Gentleman appears in the mid-credits scene of The Amazing Spider-Man, portrayed by Michael Massee.",10021,1,[],8
